Plaza ID,Date,Hour,Direction,# Vehicles - E-ZPass,# Vehicles - VToll
5,2017-04-29,0,I,216,25
5,2017-04-29,0,O,100,23
5,2017-04-29,1,I,111,21
5,2017-04-29,1,O,53,18
5,2017-04-29,2,I,72,16
5,2017-04-29,2,O,32,14
5,2017-04-29,3,I,40,15
5,2017-04-29,3,O,26,16
5,2017-04-29,4,I,45,12
5,2017-04-29,4,O,43,9
5,2017-04-29,5,I,60,15
5,2017-04-29,5,O,126,13
5,2017-04-29,6,I,155,21
5,2017-04-29,6,O,257,20
5,2017-04-29,7,I,221,34
5,2017-04-29,7,O,428,36
5,2017-04-29,8,I,323,51
5,2017-04-29,8,O,514,29
5,2017-04-29,9,I,326,56
5,2017-04-29,9,O,556,41
5,2017-04-29,10,I,495,67
5,2017-04-29,10,O,585,56
5,2017-04-29,11,I,531,68
5,2017-04-29,11,O,584,61
5,2017-04-29,12,I,584,70
5,2017-04-29,12,O,601,53
5,2017-04-29,13,I,740,90
5,2017-04-29,13,O,569,61
5,2017-04-29,14,I,758,93
5,2017-04-29,14,O,579,82
5,2017-04-29,15,I,720,95
5,2017-04-29,15,O,603,74
5,2017-04-29,16,I,662,83
5,2017-04-29,16,O,551,81
5,2017-04-29,17,I,574,86
5,2017-04-29,17,O,570,82
5,2017-04-29,18,I,555,70
5,2017-04-29,18,O,465,88
5,2017-04-29,19,I,514,77
5,2017-04-29,19,O,430,66
5,2017-04-29,20,I,399,59
5,2017-04-29,20,O,317,56
5,2017-04-29,21,I,356,50
5,2017-04-29,21,O,314,49
5,2017-04-29,22,I,384,45
5,2017-04-29,22,O,258,39
5,2017-04-29,23,I,315,41
5,2017-04-29,23,O,170,33
5,2017-04-28,0,I,125,5
5,2017-04-28,0,O,42,9
5,2017-04-28,1,I,53,3
5,2017-04-28,1,O,29,4
5,2017-04-28,2,I,50,5
5,2017-04-28,2,O,20,8
5,2017-04-28,3,I,26,3
5,2017-04-28,3,O,27,7
5,2017-04-28,4,I,26,7
5,2017-04-28,4,O,72,3
5,2017-04-28,5,I,135,14
5,2017-04-28,5,O,338,20
5,2017-04-28,6,I,394,29
5,2017-04-28,6,O,940,27
5,2017-04-28,7,I,450,49
5,2017-04-28,7,O,1609,73
5,2017-04-28,8,I,441,57
5,2017-04-28,8,O,964,50
5,2017-04-28,9,I,459,43
5,2017-04-28,9,O,684,43
5,2017-04-28,10,I,385,53
5,2017-04-28,10,O,559,36
5,2017-04-28,11,I,430,50
5,2017-04-28,11,O,599,69
5,2017-04-28,12,I,468,47
5,2017-04-28,12,O,736,100
5,2017-04-28,13,I,544,53
5,2017-04-28,13,O,623,72
5,2017-04-28,14,I,891,77
5,2017-04-28,14,O,633,79
5,2017-04-28,15,I,1200,83
5,2017-04-28,15,O,730,63
5,2017-04-28,16,I,1171,98
5,2017-04-28,16,O,649,81
5,2017-04-28,17,I,1134,88
5,2017-04-28,17,O,604,64
5,2017-04-28,18,I,1035,73
5,2017-04-28,18,O,483,61
5,2017-04-28,19,I,745,62
5,2017-04-28,19,O,433,65
5,2017-04-28,20,I,535,59
5,2017-04-28,20,O,326,40
5,2017-04-28,21,I,436,42
5,2017-04-28,21,O,239,35
5,2017-04-28,22,I,310,31
5,2017-04-28,22,O,218,39
5,2017-04-28,23,I,274,29
5,2017-04-28,23,O,183,29
5,2017-04-27,0,I,107,13
5,2017-04-27,0,O,33,12
5,2017-04-27,1,I,43,5
5,2017-04-27,1,O,28,5
5,2017-04-27,2,I,28,4
5,2017-04-27,2,O,21,7
5,2017-04-27,3,I,20,3
5,2017-04-27,3,O,26,2
5,2017-04-27,4,I,23,5
5,2017-04-27,4,O,72,6
5,2017-04-27,5,I,139,16
5,2017-04-27,5,O,340,12
5,2017-04-27,6,I,389,36
5,2017-04-27,6,O,1001,29
5,2017-04-27,7,I,453,50
5,2017-04-27,7,O,1536,61
5,2017-04-27,8,I,452,39
5,2017-04-27,8,O,1202,54
5,2017-04-27,9,I,378,50
5,2017-04-27,9,O,767,40
5,2017-04-27,10,I,342,47
5,2017-04-27,10,O,534,42
5,2017-04-27,11,I,373,39
5,2017-04-27,11,O,500,38
5,2017-04-27,12,I,409,42
5,2017-04-27,12,O,515,48
5,2017-04-27,13,I,484,38
5,2017-04-27,13,O,555,53
5,2017-04-27,14,I,610,44
5,2017-04-27,14,O,554,54
5,2017-04-27,15,I,1026,63
5,2017-04-27,15,O,644,67
5,2017-04-27,16,I,1067,75
5,2017-04-27,16,O,596,58
5,2017-04-27,17,I,1148,70
5,2017-04-27,17,O,585,55
5,2017-04-27,18,I,1143,69
5,2017-04-27,18,O,483,41
5,2017-04-27,19,I,742,34
5,2017-04-27,19,O,350,40
5,2017-04-27,20,I,575,32
5,2017-04-27,20,O,234,23
5,2017-04-27,21,I,410,36
5,2017-04-27,21,O,177,35
5,2017-04-27,22,I,312,19
5,2017-04-27,22,O,143,17
5,2017-04-27,23,I,221,19
5,2017-04-27,23,O,108,19
5,2017-04-26,0,I,79,6
5,2017-04-26,0,O,26,10
5,2017-04-26,1,I,36,5
5,2017-04-26,1,O,24,4
5,2017-04-26,2,I,21,5
5,2017-04-26,2,O,15,4
5,2017-04-26,3,I,15,3
5,2017-04-26,3,O,19,3
5,2017-04-26,4,I,21,1
5,2017-04-26,4,O,63,2
5,2017-04-26,5,I,98,17
5,2017-04-26,5,O,345,15
5,2017-04-26,6,I,330,27
5,2017-04-26,6,O,972,39
5,2017-04-26,7,I,402,49
5,2017-04-26,7,O,1647,84
5,2017-04-26,8,I,439,28
5,2017-04-26,8,O,1133,68
5,2017-04-26,9,I,366,48
5,2017-04-26,9,O,800,52
5,2017-04-26,10,I,332,36
5,2017-04-26,10,O,614,45
5,2017-04-26,11,I,413,42
5,2017-04-26,11,O,473,40
5,2017-04-26,12,I,393,27
5,2017-04-26,12,O,457,44
5,2017-04-26,13,I,428,39
5,2017-04-26,13,O,474,30
5,2017-04-26,14,I,747,47
5,2017-04-26,14,O,551,43
5,2017-04-26,15,I,950,50
5,2017-04-26,15,O,630,60
5,2017-04-26,16,I,1016,77
5,2017-04-26,16,O,563,65
5,2017-04-26,17,I,1211,68
5,2017-04-26,17,O,582,43
5,2017-04-26,18,I,1034,49
5,2017-04-26,18,O,488,49
5,2017-04-26,19,I,682,44
5,2017-04-26,19,O,325,38
5,2017-04-26,20,I,514,22
5,2017-04-26,20,O,216,24
5,2017-04-26,21,I,408,22
5,2017-04-26,21,O,168,18
5,2017-04-26,22,I,260,22
5,2017-04-26,22,O,124,19
5,2017-04-26,23,I,146,11
5,2017-04-26,23,O,90,19
5,2017-04-25,0,I,84,9
5,2017-04-25,0,O,37,7
5,2017-04-25,1,I,33,9
5,2017-04-25,1,O,21,4
5,2017-04-25,2,I,18,1
5,2017-04-25,2,O,13,2
5,2017-04-25,3,I,14,2
5,2017-04-25,3,O,20,2
5,2017-04-25,4,I,19,2
5,2017-04-25,4,O,54,5
5,2017-04-25,5,I,106,10
5,2017-04-25,5,O,352,14
5,2017-04-25,6,I,328,22
5,2017-04-25,6,O,992,26
5,2017-04-25,7,I,418,41
5,2017-04-25,7,O,1570,63
5,2017-04-25,8,I,409,42
5,2017-04-25,8,O,1170,59
5,2017-04-25,9,I,394,43
5,2017-04-25,9,O,721,56
5,2017-04-25,10,I,379,27
5,2017-04-25,10,O,501,37
5,2017-04-25,11,I,333,24
5,2017-04-25,11,O,471,34
5,2017-04-25,12,I,352,46
5,2017-04-25,12,O,398,25
5,2017-04-25,13,I,432,41
5,2017-04-25,13,O,423,47
5,2017-04-25,14,I,515,38
5,2017-04-25,14,O,500,52
5,2017-04-25,15,I,776,49
5,2017-04-25,15,O,592,59
5,2017-04-25,16,I,1070,53
5,2017-04-25,16,O,533,60
5,2017-04-25,17,I,1164,62
5,2017-04-25,17,O,509,41
5,2017-04-25,18,I,1094,60
5,2017-04-25,18,O,396,32
5,2017-04-25,19,I,766,57
5,2017-04-25,19,O,300,23
5,2017-04-25,20,I,530,33
5,2017-04-25,20,O,185,24
5,2017-04-25,21,I,395,30
5,2017-04-25,21,O,157,26
5,2017-04-25,22,I,199,21
5,2017-04-25,22,O,82,9
5,2017-04-25,23,I,115,13
5,2017-04-25,23,O,66,16
5,2017-04-24,0,I,80,16
5,2017-04-24,0,O,32,14
5,2017-04-24,1,I,35,9
5,2017-04-24,1,O,17,6
5,2017-04-24,2,I,26,2
5,2017-04-24,2,O,8,5
5,2017-04-24,3,I,21,8
5,2017-04-24,3,O,21,3
5,2017-04-24,4,I,19,1
5,2017-04-24,4,O,58,4
5,2017-04-24,5,I,119,8
5,2017-04-24,5,O,349,16
5,2017-04-24,6,I,363,24
5,2017-04-24,6,O,1052,26
5,2017-04-24,7,I,445,43
5,2017-04-24,7,O,1627,79
5,2017-04-24,8,I,430,55
5,2017-04-24,8,O,1047,59
5,2017-04-24,9,I,334,36
5,2017-04-24,9,O,665,37
5,2017-04-24,10,I,340,46
5,2017-04-24,10,O,529,45
5,2017-04-24,11,I,330,26
5,2017-04-24,11,O,445,37
5,2017-04-24,12,I,405,32
5,2017-04-24,12,O,445,30
5,2017-04-24,13,I,450,35
5,2017-04-24,13,O,432,36
5,2017-04-24,14,I,558,33
5,2017-04-24,14,O,529,47
5,2017-04-24,15,I,911,50
5,2017-04-24,15,O,632,64
5,2017-04-24,16,I,1047,52
5,2017-04-24,16,O,574,61
5,2017-04-24,17,I,1147,68
5,2017-04-24,17,O,531,53
5,2017-04-24,18,I,942,57
5,2017-04-24,18,O,464,52
5,2017-04-24,19,I,695,35
5,2017-04-24,19,O,307,39
5,2017-04-24,20,I,433,24
5,2017-04-24,20,O,207,37
5,2017-04-24,21,I,362,20
5,2017-04-24,21,O,137,22
5,2017-04-24,22,I,174,19
5,2017-04-24,22,O,110,14
5,2017-04-24,23,I,128,11
5,2017-04-24,23,O,70,8
5,2017-04-23,0,I,217,13
5,2017-04-23,0,O,80,22
5,2017-04-23,1,I,131,16
5,2017-04-23,1,O,57,12
5,2017-04-23,2,I,89,11
5,2017-04-23,2,O,25,10
5,2017-04-23,3,I,48,3
5,2017-04-23,3,O,27,8
5,2017-04-23,4,I,53,4
5,2017-04-23,4,O,27,7
5,2017-04-23,5,I,54,11
5,2017-04-23,5,O,76,5
5,2017-04-23,6,I,96,12
5,2017-04-23,6,O,175,10
5,2017-04-23,7,I,140,10
5,2017-04-23,7,O,258,18
5,2017-04-23,8,I,215,45
5,2017-04-23,8,O,353,32
5,2017-04-23,9,I,237,24
5,2017-04-23,9,O,460,41
5,2017-04-23,10,I,384,56
5,2017-04-23,10,O,561,39
5,2017-04-23,11,I,489,43
5,2017-04-23,11,O,509,37
5,2017-04-23,12,I,714,68
5,2017-04-23,12,O,557,56
5,2017-04-23,13,I,709,89
5,2017-04-23,13,O,575,42
5,2017-04-23,14,I,758,79
5,2017-04-23,14,O,572,59
5,2017-04-23,15,I,729,92
5,2017-04-23,15,O,536,68
5,2017-04-23,16,I,710,103
5,2017-04-23,16,O,608,75
5,2017-04-23,17,I,683,74
5,2017-04-23,17,O,480,66
5,2017-04-23,18,I,535,51
5,2017-04-23,18,O,364,54
5,2017-04-23,19,I,451,51
5,2017-04-23,19,O,358,55
5,2017-04-23,20,I,387,38
5,2017-04-23,20,O,232,36
5,2017-04-23,21,I,268,26
5,2017-04-23,21,O,157,29
5,2017-04-23,22,I,199,30
5,2017-04-23,22,O,108,20
5,2017-04-23,23,I,140,13
5,2017-04-23,23,O,93,17
5,2017-04-22,0,I,178,11
5,2017-04-22,0,O,72,16
5,2017-04-22,1,I,109,14
5,2017-04-22,1,O,45,7
5,2017-04-22,2,I,51,6
5,2017-04-22,2,O,31,4
5,2017-04-22,3,I,30,8
5,2017-04-22,3,O,24,6
5,2017-04-22,4,I,37,6
5,2017-04-22,4,O,29,5
5,2017-04-22,5,I,77,9
5,2017-04-22,5,O,150,10
5,2017-04-22,6,I,150,18
5,2017-04-22,6,O,280,17
5,2017-04-22,7,I,205,26
5,2017-04-22,7,O,348,33
5,2017-04-22,8,I,291,42
5,2017-04-22,8,O,496,40
5,2017-04-22,9,I,320,40
5,2017-04-22,9,O,520,35
5,2017-04-22,10,I,361,49
5,2017-04-22,10,O,573,43
5,2017-04-22,11,I,477,43
5,2017-04-22,11,O,537,52
5,2017-04-22,12,I,464,46
5,2017-04-22,12,O,541,44
5,2017-04-22,13,I,539,58
5,2017-04-22,13,O,516,54
5,2017-04-22,14,I,551,54
5,2017-04-22,14,O,463,57
5,2017-04-22,15,I,588,47
5,2017-04-22,15,O,484,78
5,2017-04-22,16,I,590,65
5,2017-04-22,16,O,461,58
5,2017-04-22,17,I,561,68
5,2017-04-22,17,O,449,46
5,2017-04-22,18,I,567,67
5,2017-04-22,18,O,371,60
5,2017-04-22,19,I,439,46
5,2017-04-22,19,O,310,48
5,2017-04-22,20,I,349,53
5,2017-04-22,20,O,251,33
5,2017-04-22,21,I,300,29
5,2017-04-22,21,O,219,35
5,2017-04-22,22,I,258,20
5,2017-04-22,22,O,177,28
5,2017-04-22,23,I,230,34
5,2017-04-22,23,O,170,26
5,2017-04-21,0,I,0,0
5,2017-04-21,0,O,0,0
5,2017-04-21,1,I,0,0
5,2017-04-21,1,O,3,0
5,2017-04-21,2,I,0,0
5,2017-04-21,2,O,6,1
5,2017-04-21,3,I,8,6
5,2017-04-21,3,O,24,5
5,2017-04-21,4,I,16,2
5,2017-04-21,4,O,48,1
5,2017-04-21,5,I,110,7
5,2017-04-21,5,O,341,19
5,2017-04-21,6,I,327,36
5,2017-04-21,6,O,919,48
5,2017-04-21,7,I,387,37
5,2017-04-21,7,O,1359,53
5,2017-04-21,8,I,372,48
5,2017-04-21,8,O,937,52
5,2017-04-21,9,I,382,38
5,2017-04-21,9,O,636,46
5,2017-04-21,10,I,336,31
5,2017-04-21,10,O,573,38
5,2017-04-21,11,I,343,32
5,2017-04-21,11,O,479,45
5,2017-04-21,12,I,447,49
5,2017-04-21,12,O,537,46
5,2017-04-21,13,I,480,56
5,2017-04-21,13,O,524,37
5,2017-04-21,14,I,729,55
5,2017-04-21,14,O,524,51
5,2017-04-21,15,I,1012,50
5,2017-04-21,15,O,575,83
5,2017-04-21,16,I,1015,83
5,2017-04-21,16,O,589,56
5,2017-04-21,17,I,958,76
5,2017-04-21,17,O,557,63
5,2017-04-21,18,I,824,66
5,2017-04-21,18,O,432,57
5,2017-04-21,19,I,608,45
5,2017-04-21,19,O,346,39
5,2017-04-21,20,I,449,36
5,2017-04-21,20,O,238,29
5,2017-04-21,21,I,358,30
5,2017-04-21,21,O,188,33
5,2017-04-21,22,I,257,39
5,2017-04-21,22,O,151,15
5,2017-04-21,23,I,213,23
5,2017-04-21,23,O,101,27
5,2017-04-20,0,I,0,0
5,2017-04-20,0,O,0,0
5,2017-04-20,1,I,0,0
5,2017-04-20,1,O,0,0
5,2017-04-20,2,I,0,0
5,2017-04-20,2,O,0,0
5,2017-04-20,3,I,0,0
5,2017-04-20,3,O,0,0
5,2017-04-20,4,I,0,0
5,2017-04-20,4,O,0,0
5,2017-04-20,5,I,111,11
5,2017-04-20,5,O,354,21
5,2017-04-20,6,I,319,37
5,2017-04-20,6,O,927,29
5,2017-04-20,7,I,410,43
5,2017-04-20,7,O,1499,81
5,2017-04-20,8,I,389,52
5,2017-04-20,8,O,1045,62
5,2017-04-20,9,I,337,35
5,2017-04-20,9,O,738,53
5,2017-04-20,10,I,365,40
5,2017-04-20,10,O,555,45
5,2017-04-20,11,I,339,28
5,2017-04-20,11,O,501,40
5,2017-04-20,12,I,385,39
5,2017-04-20,12,O,459,46
5,2017-04-20,13,I,443,42
5,2017-04-20,13,O,475,35
5,2017-04-20,14,I,687,35
5,2017-04-20,14,O,544,56
5,2017-04-20,15,I,912,72
5,2017-04-20,15,O,616,46
5,2017-04-20,16,I,1068,71
5,2017-04-20,16,O,603,55
5,2017-04-20,17,I,1082,77
5,2017-04-20,17,O,539,66
5,2017-04-20,18,I,1040,67
5,2017-04-20,18,O,437,51
5,2017-04-20,19,I,739,51
5,2017-04-20,19,O,321,39
5,2017-04-20,20,I,486,38
5,2017-04-20,20,O,235,23
5,2017-04-20,21,I,433,38
5,2017-04-20,21,O,188,22
5,2017-04-20,22,I,12,0
5,2017-04-20,22,O,9,0
5,2017-04-20,23,I,0,0
5,2017-04-20,23,O,0,0
5,2017-04-19,0,I,0,0
5,2017-04-19,0,O,0,0
5,2017-04-19,1,I,0,0
5,2017-04-19,1,O,2,0
5,2017-04-19,2,I,0,0
5,2017-04-19,2,O,1,0
5,2017-04-19,3,I,0,0
5,2017-04-19,3,O,2,0
5,2017-04-19,4,I,0,0
5,2017-04-19,4,O,8,0
5,2017-04-19,5,I,127,13
5,2017-04-19,5,O,356,20
5,2017-04-19,6,I,338,33
5,2017-04-19,6,O,937,38
5,2017-04-19,7,I,425,49
5,2017-04-19,7,O,1451,77
5,2017-04-19,8,I,425,53
5,2017-04-19,8,O,927,56
5,2017-04-19,9,I,349,36
5,2017-04-19,9,O,648,44
5,2017-04-19,10,I,385,32
5,2017-04-19,10,O,528,45
5,2017-04-19,11,I,329,31
5,2017-04-19,11,O,486,34
5,2017-04-19,12,I,414,40
5,2017-04-19,12,O,434,32
5,2017-04-19,13,I,453,44
5,2017-04-19,13,O,470,40
5,2017-04-19,14,I,581,41
5,2017-04-19,14,O,462,56
5,2017-04-19,15,I,792,51
5,2017-04-19,15,O,572,65
5,2017-04-19,16,I,994,66
5,2017-04-19,16,O,538,51
5,2017-04-19,17,I,1087,67
5,2017-04-19,17,O,504,48
5,2017-04-19,18,I,1081,74
5,2017-04-19,18,O,393,43
5,2017-04-19,19,I,680,63
5,2017-04-19,19,O,268,36
5,2017-04-19,20,I,507,30
5,2017-04-19,20,O,215,32
5,2017-04-19,21,I,408,23
5,2017-04-19,21,O,183,30
5,2017-04-19,22,I,6,0
5,2017-04-19,22,O,4,0
5,2017-04-19,23,I,0,0
5,2017-04-19,23,O,0,0
5,2017-04-18,0,I,0,0
5,2017-04-18,0,O,7,0
5,2017-04-18,1,I,0,0
5,2017-04-18,1,O,2,0
5,2017-04-18,2,I,0,0
5,2017-04-18,2,O,1,0
5,2017-04-18,3,I,0,0
5,2017-04-18,3,O,0,0
5,2017-04-18,4,I,0,0
5,2017-04-18,4,O,0,0
5,2017-04-18,5,I,114,8
5,2017-04-18,5,O,340,18
5,2017-04-18,6,I,329,34
5,2017-04-18,6,O,675,24
5,2017-04-18,7,I,327,56
5,2017-04-18,7,O,818,45
5,2017-04-18,8,I,346,37
5,2017-04-18,8,O,761,43
5,2017-04-18,9,I,323,49
5,2017-04-18,9,O,591,29
5,2017-04-18,10,I,356,45
5,2017-04-18,10,O,480,42
5,2017-04-18,11,I,341,34
5,2017-04-18,11,O,464,39
5,2017-04-18,12,I,399,39
5,2017-04-18,12,O,473,50
5,2017-04-18,13,I,441,36
5,2017-04-18,13,O,454,42
5,2017-04-18,14,I,466,40
5,2017-04-18,14,O,483,61
5,2017-04-18,15,I,639,64
5,2017-04-18,15,O,552,62
5,2017-04-18,16,I,826,64
5,2017-04-18,16,O,467,58
5,2017-04-18,17,I,759,49
5,2017-04-18,17,O,409,62
5,2017-04-18,18,I,659,56
5,2017-04-18,18,O,307,49
5,2017-04-18,19,I,577,35
5,2017-04-18,19,O,262,39
5,2017-04-18,20,I,421,28
5,2017-04-18,20,O,209,38
5,2017-04-18,21,I,385,21
5,2017-04-18,21,O,217,28
5,2017-04-18,22,I,1,0
5,2017-04-18,22,O,18,3
5,2017-04-18,23,I,0,0
5,2017-04-18,23,O,2,0
5,2017-04-17,0,I,116,24
5,2017-04-17,0,O,50,14
5,2017-04-17,1,I,49,10
5,2017-04-17,1,O,20,14
5,2017-04-17,2,I,25,8
5,2017-04-17,2,O,16,7
5,2017-04-17,3,I,20,4
5,2017-04-17,3,O,18,9
5,2017-04-17,4,I,25,6
5,2017-04-17,4,O,69,0
5,2017-04-17,5,I,105,8
5,2017-04-17,5,O,276,14
5,2017-04-17,6,I,327,32
5,2017-04-17,6,O,658,32
5,2017-04-17,7,I,291,42
5,2017-04-17,7,O,766,54
5,2017-04-17,8,I,322,34
5,2017-04-17,8,O,651,45
5,2017-04-17,9,I,312,45
5,2017-04-17,9,O,509,36
5,2017-04-17,10,I,313,37
5,2017-04-17,10,O,494,40
5,2017-04-17,11,I,333,44
5,2017-04-17,11,O,501,30
5,2017-04-17,12,I,377,34
5,2017-04-17,12,O,457,39
5,2017-04-17,13,I,433,33
5,2017-04-17,13,O,451,40
5,2017-04-17,14,I,480,44
5,2017-04-17,14,O,461,54
5,2017-04-17,15,I,664,61
5,2017-04-17,15,O,492,59
5,2017-04-17,16,I,756,55
5,2017-04-17,16,O,451,66
5,2017-04-17,17,I,719,80
5,2017-04-17,17,O,408,45
5,2017-04-17,18,I,681,50
5,2017-04-17,18,O,365,46
5,2017-04-17,19,I,505,44
5,2017-04-17,19,O,284,46
5,2017-04-17,20,I,389,39
5,2017-04-17,20,O,235,55
5,2017-04-17,21,I,337,37
5,2017-04-17,21,O,205,46
5,2017-04-17,22,I,4,0
5,2017-04-17,22,O,13,2
5,2017-04-17,23,I,0,0
5,2017-04-17,23,O,6,0
5,2017-04-16,0,I,174,25
5,2017-04-16,0,O,57,21
5,2017-04-16,1,I,107,26
5,2017-04-16,1,O,48,17
5,2017-04-16,2,I,73,12
5,2017-04-16,2,O,23,15
5,2017-04-16,3,I,45,11
5,2017-04-16,3,O,21,8
5,2017-04-16,4,I,39,9
5,2017-04-16,4,O,28,7
5,2017-04-16,5,I,47,8
5,2017-04-16,5,O,67,4
5,2017-04-16,6,I,82,9
5,2017-04-16,6,O,104,6
5,2017-04-16,7,I,92,19
5,2017-04-16,7,O,168,27
5,2017-04-16,8,I,178,26
5,2017-04-16,8,O,224,18
5,2017-04-16,9,I,215,30
5,2017-04-16,9,O,320,29
5,2017-04-16,10,I,342,43
5,2017-04-16,10,O,432,40
5,2017-04-16,11,I,546,74
5,2017-04-16,11,O,460,38
5,2017-04-16,12,I,719,106
5,2017-04-16,12,O,498,56
5,2017-04-16,13,I,879,146
5,2017-04-16,13,O,658,76
5,2017-04-16,14,I,1001,141
5,2017-04-16,14,O,706,92
5,2017-04-16,15,I,710,128
5,2017-04-16,15,O,683,98
5,2017-04-16,16,I,495,88
5,2017-04-16,16,O,736,145
5,2017-04-16,17,I,414,75
5,2017-04-16,17,O,524,110
5,2017-04-16,18,I,412,65
5,2017-04-16,18,O,490,95
5,2017-04-16,19,I,375,60
5,2017-04-16,19,O,662,119
5,2017-04-16,20,I,459,55
5,2017-04-16,20,O,659,137
5,2017-04-16,21,I,425,50
5,2017-04-16,21,O,344,57
5,2017-04-16,22,I,325,49
5,2017-04-16,22,O,218,48
5,2017-04-16,23,I,180,24
5,2017-04-16,23,O,116,14
5,2017-04-15,0,I,163,16
5,2017-04-15,0,O,69,15
5,2017-04-15,1,I,93,18
5,2017-04-15,1,O,38,7
5,2017-04-15,2,I,71,6
5,2017-04-15,2,O,45,9
5,2017-04-15,3,I,44,6
5,2017-04-15,3,O,25,5
5,2017-04-15,4,I,28,6
5,2017-04-15,4,O,21,4
5,2017-04-15,5,I,70,10
5,2017-04-15,5,O,104,9
5,2017-04-15,6,I,110,15
5,2017-04-15,6,O,223,23
5,2017-04-15,7,I,176,35
5,2017-04-15,7,O,292,28
5,2017-04-15,8,I,241,36
5,2017-04-15,8,O,386,32
5,2017-04-15,9,I,280,41
5,2017-04-15,9,O,456,39
5,2017-04-15,10,I,339,29
5,2017-04-15,10,O,533,40
5,2017-04-15,11,I,407,62
5,2017-04-15,11,O,541,46
5,2017-04-15,12,I,478,57
5,2017-04-15,12,O,520,58
5,2017-04-15,13,I,492,59
5,2017-04-15,13,O,508,56
5,2017-04-15,14,I,514,59
5,2017-04-15,14,O,467,71
5,2017-04-15,15,I,563,63
5,2017-04-15,15,O,470,66
5,2017-04-15,16,I,523,76
5,2017-04-15,16,O,427,59
5,2017-04-15,17,I,536,78
5,2017-04-15,17,O,418,60
5,2017-04-15,18,I,443,68
5,2017-04-15,18,O,328,62
5,2017-04-15,19,I,373,46
5,2017-04-15,19,O,304,41
5,2017-04-15,20,I,321,39
5,2017-04-15,20,O,243,31
5,2017-04-15,21,I,300,59
5,2017-04-15,21,O,200,46
5,2017-04-15,22,I,244,35
5,2017-04-15,22,O,198,34
5,2017-04-15,23,I,227,23
5,2017-04-15,23,O,134,25
5,2017-04-14,0,I,118,15
5,2017-04-14,0,O,44,18
5,2017-04-14,1,I,67,9
5,2017-04-14,1,O,31,6
5,2017-04-14,2,I,45,6
5,2017-04-14,2,O,24,8
5,2017-04-14,3,I,28,4
5,2017-04-14,3,O,30,6
5,2017-04-14,4,I,43,10
5,2017-04-14,4,O,50,5
5,2017-04-14,5,I,104,14
5,2017-04-14,5,O,253,16
5,2017-04-14,6,I,250,32
5,2017-04-14,6,O,536,23
5,2017-04-14,7,I,306,63
5,2017-04-14,7,O,624,39
5,2017-04-14,8,I,291,45
5,2017-04-14,8,O,637,37
5,2017-04-14,9,I,304,34
5,2017-04-14,9,O,587,44
5,2017-04-14,10,I,400,41
5,2017-04-14,10,O,563,43
5,2017-04-14,11,I,413,50
5,2017-04-14,11,O,578,75
5,2017-04-14,12,I,462,58
5,2017-04-14,12,O,571,49
5,2017-04-14,13,I,571,59
5,2017-04-14,13,O,522,52
5,2017-04-14,14,I,773,73
5,2017-04-14,14,O,592,64
5,2017-04-14,15,I,764,96
5,2017-04-14,15,O,585,91
5,2017-04-14,16,I,907,84
5,2017-04-14,16,O,524,60
5,2017-04-14,17,I,786,68
5,2017-04-14,17,O,460,55
5,2017-04-14,18,I,557,43
5,2017-04-14,18,O,405,45
5,2017-04-14,19,I,485,59
5,2017-04-14,19,O,328,46
5,2017-04-14,20,I,357,48
5,2017-04-14,20,O,224,36
5,2017-04-14,21,I,348,41
5,2017-04-14,21,O,149,35
5,2017-04-14,22,I,258,41
5,2017-04-14,22,O,158,33
5,2017-04-14,23,I,206,21
5,2017-04-14,23,O,118,29
5,2017-04-13,0,I,114,10
5,2017-04-13,0,O,54,14
5,2017-04-13,1,I,51,8
5,2017-04-13,1,O,18,6
5,2017-04-13,2,I,39,7
5,2017-04-13,2,O,22,5
5,2017-04-13,3,I,28,6
5,2017-04-13,3,O,19,2
5,2017-04-13,4,I,24,5
5,2017-04-13,4,O,69,3
5,2017-04-13,5,I,124,9
5,2017-04-13,5,O,290,17
5,2017-04-13,6,I,306,31
5,2017-04-13,6,O,635,27
5,2017-04-13,7,I,302,58
5,2017-04-13,7,O,808,58
5,2017-04-13,8,I,371,48
5,2017-04-13,8,O,771,54
5,2017-04-13,9,I,335,38
5,2017-04-13,9,O,673,57
5,2017-04-13,10,I,342,49
5,2017-04-13,10,O,588,31
5,2017-04-13,11,I,370,43
5,2017-04-13,11,O,522,51
5,2017-04-13,12,I,429,52
5,2017-04-13,12,O,543,49
5,2017-04-13,13,I,530,47
5,2017-04-13,13,O,526,66
5,2017-04-13,14,I,622,59
5,2017-04-13,14,O,506,58
5,2017-04-13,15,I,762,82
5,2017-04-13,15,O,564,73
5,2017-04-13,16,I,851,72
5,2017-04-13,16,O,537,71
5,2017-04-13,17,I,938,71
5,2017-04-13,17,O,548,67
5,2017-04-13,18,I,823,72
5,2017-04-13,18,O,483,72
5,2017-04-13,19,I,573,51
5,2017-04-13,19,O,333,48
5,2017-04-13,20,I,497,37
5,2017-04-13,20,O,228,33
5,2017-04-13,21,I,354,45
5,2017-04-13,21,O,193,27
5,2017-04-13,22,I,285,36
5,2017-04-13,22,O,149,37
5,2017-04-13,23,I,191,21
5,2017-04-13,23,O,106,28
5,2017-04-12,0,I,105,18
5,2017-04-12,0,O,39,15
5,2017-04-12,1,I,40,10
5,2017-04-12,1,O,17,8
5,2017-04-12,2,I,29,7
5,2017-04-12,2,O,23,4
5,2017-04-12,3,I,27,5
5,2017-04-12,3,O,20,3
5,2017-04-12,4,I,25,5
5,2017-04-12,4,O,67,7
5,2017-04-12,5,I,110,11
5,2017-04-12,5,O,292,15
5,2017-04-12,6,I,323,40
5,2017-04-12,6,O,699,35
5,2017-04-12,7,I,336,65
5,2017-04-12,7,O,907,60
5,2017-04-12,8,I,316,50
5,2017-04-12,8,O,734,45
5,2017-04-12,9,I,340,34
5,2017-04-12,9,O,581,41
5,2017-04-12,10,I,299,47
5,2017-04-12,10,O,569,36
5,2017-04-12,11,I,357,48
5,2017-04-12,11,O,468,49
5,2017-04-12,12,I,414,41
5,2017-04-12,12,O,435,53
5,2017-04-12,13,I,419,28
5,2017-04-12,13,O,420,35
5,2017-04-12,14,I,438,46
5,2017-04-12,14,O,454,48
5,2017-04-12,15,I,613,47
5,2017-04-12,15,O,505,64
5,2017-04-12,16,I,665,52
5,2017-04-12,16,O,460,66
5,2017-04-12,17,I,761,62
5,2017-04-12,17,O,453,53
5,2017-04-12,18,I,703,55
5,2017-04-12,18,O,322,53
5,2017-04-12,19,I,536,49
5,2017-04-12,19,O,273,49
5,2017-04-12,20,I,406,33
5,2017-04-12,20,O,221,37
5,2017-04-12,21,I,338,13
5,2017-04-12,21,O,181,33
5,2017-04-12,22,I,255,23
5,2017-04-12,22,O,158,24
5,2017-04-12,23,I,178,21
5,2017-04-12,23,O,106,15
5,2017-04-11,0,I,96,11
5,2017-04-11,0,O,38,11
5,2017-04-11,1,I,31,3
5,2017-04-11,1,O,18,3
5,2017-04-11,2,I,27,5
5,2017-04-11,2,O,12,3
5,2017-04-11,3,I,19,2
5,2017-04-11,3,O,26,5
5,2017-04-11,4,I,30,7
5,2017-04-11,4,O,64,2
5,2017-04-11,5,I,98,15
5,2017-04-11,5,O,297,13
5,2017-04-11,6,I,313,33
5,2017-04-11,6,O,728,21
5,2017-04-11,7,I,375,63
5,2017-04-11,7,O,965,52
5,2017-04-11,8,I,301,38
5,2017-04-11,8,O,702,47
5,2017-04-11,9,I,363,45
5,2017-04-11,9,O,572,48
5,2017-04-11,10,I,359,50
5,2017-04-11,10,O,480,36
5,2017-04-11,11,I,385,52
5,2017-04-11,11,O,493,57
5,2017-04-11,12,I,487,54
5,2017-04-11,12,O,413,43
5,2017-04-11,13,I,469,91
5,2017-04-11,13,O,450,64
5,2017-04-11,14,I,554,82
5,2017-04-11,14,O,519,75
5,2017-04-11,15,I,771,97
5,2017-04-11,15,O,610,89
5,2017-04-11,16,I,887,97
5,2017-04-11,16,O,531,85
5,2017-04-11,17,I,875,59
5,2017-04-11,17,O,456,65
5,2017-04-11,18,I,793,68
5,2017-04-11,18,O,363,61
5,2017-04-11,19,I,547,48
5,2017-04-11,19,O,309,52
5,2017-04-11,20,I,433,52
5,2017-04-11,20,O,240,37
5,2017-04-11,21,I,315,30
5,2017-04-11,21,O,181,33
5,2017-04-11,22,I,264,26
5,2017-04-11,22,O,166,28
5,2017-04-11,23,I,164,17
5,2017-04-11,23,O,109,16
5,2017-04-10,0,I,84,12
5,2017-04-10,0,O,38,12
5,2017-04-10,1,I,36,7
5,2017-04-10,1,O,21,3
5,2017-04-10,2,I,23,7
5,2017-04-10,2,O,15,10
5,2017-04-10,3,I,24,5
5,2017-04-10,3,O,29,5
5,2017-04-10,4,I,29,4
5,2017-04-10,4,O,83,7
5,2017-04-10,5,I,98,15
5,2017-04-10,5,O,307,18
5,2017-04-10,6,I,326,37
5,2017-04-10,6,O,754,24
5,2017-04-10,7,I,368,48
5,2017-04-10,7,O,987,61
5,2017-04-10,8,I,376,38
5,2017-04-10,8,O,770,33
5,2017-04-10,9,I,306,49
5,2017-04-10,9,O,583,37
5,2017-04-10,10,I,327,35
5,2017-04-10,10,O,512,49
5,2017-04-10,11,I,357,45
5,2017-04-10,11,O,480,40
5,2017-04-10,12,I,403,45
5,2017-04-10,12,O,487,40
5,2017-04-10,13,I,483,32
5,2017-04-10,13,O,471,49
5,2017-04-10,14,I,546,53
5,2017-04-10,14,O,509,50
5,2017-04-10,15,I,750,80
5,2017-04-10,15,O,571,70
5,2017-04-10,16,I,986,94
5,2017-04-10,16,O,504,68
5,2017-04-10,17,I,1019,86
5,2017-04-10,17,O,462,58
5,2017-04-10,18,I,945,83
5,2017-04-10,18,O,365,42
5,2017-04-10,19,I,645,51
5,2017-04-10,19,O,281,50
5,2017-04-10,20,I,397,26
5,2017-04-10,20,O,202,22
5,2017-04-10,21,I,317,28
5,2017-04-10,21,O,197,31
5,2017-04-10,22,I,196,20
5,2017-04-10,22,O,155,17
5,2017-04-10,23,I,142,11
5,2017-04-10,23,O,115,26
5,2017-04-09,0,I,158,23
5,2017-04-09,0,O,87,20
5,2017-04-09,1,I,107,17
5,2017-04-09,1,O,63,17
5,2017-04-09,2,I,68,11
5,2017-04-09,2,O,33,10
5,2017-04-09,3,I,43,8
5,2017-04-09,3,O,23,5
5,2017-04-09,4,I,52,10
5,2017-04-09,4,O,35,2
5,2017-04-09,5,I,45,11
5,2017-04-09,5,O,83,8
5,2017-04-09,6,I,93,20
5,2017-04-09,6,O,175,17
5,2017-04-09,7,I,112,16
5,2017-04-09,7,O,273,29
5,2017-04-09,8,I,186,32
5,2017-04-09,8,O,324,34
5,2017-04-09,9,I,267,42
5,2017-04-09,9,O,369,36
5,2017-04-09,10,I,328,41
5,2017-04-09,10,O,500,50
5,2017-04-09,11,I,437,46
5,2017-04-09,11,O,523,45
5,2017-04-09,12,I,525,60
5,2017-04-09,12,O,496,61
5,2017-04-09,13,I,597,75
5,2017-04-09,13,O,488,48
5,2017-04-09,14,I,661,71
5,2017-04-09,14,O,606,85
5,2017-04-09,15,I,641,80
5,2017-04-09,15,O,537,68
5,2017-04-09,16,I,550,81
5,2017-04-09,16,O,521,82
5,2017-04-09,17,I,542,73
5,2017-04-09,17,O,386,61
5,2017-04-09,18,I,544,84
5,2017-04-09,18,O,375,68
5,2017-04-09,19,I,496,65
5,2017-04-09,19,O,304,48
5,2017-04-09,20,I,454,49
5,2017-04-09,20,O,260,37
5,2017-04-09,21,I,324,52
5,2017-04-09,21,O,178,40
5,2017-04-09,22,I,193,23
5,2017-04-09,22,O,149,22
5,2017-04-09,23,I,148,20
5,2017-04-09,23,O,101,27
5,2017-04-08,0,I,0,18
5,2017-04-08,0,O,63,34
5,2017-04-08,1,I,0,25
5,2017-04-08,1,O,66,15
5,2017-04-08,2,I,0,9
5,2017-04-08,2,O,32,10
5,2017-04-08,3,I,0,8
5,2017-04-08,3,O,24,5
5,2017-04-08,4,I,8,11
5,2017-04-08,4,O,55,5
5,2017-04-08,5,I,62,12
5,2017-04-08,5,O,141,15
5,2017-04-08,6,I,146,16
5,2017-04-08,6,O,272,26
5,2017-04-08,7,I,197,33
5,2017-04-08,7,O,412,26
5,2017-04-08,8,I,278,48
5,2017-04-08,8,O,481,32
5,2017-04-08,9,I,294,41
5,2017-04-08,9,O,508,42
5,2017-04-08,10,I,382,51
5,2017-04-08,10,O,549,54
5,2017-04-08,11,I,461,45
5,2017-04-08,11,O,509,46
5,2017-04-08,12,I,506,55
5,2017-04-08,12,O,561,66
5,2017-04-08,13,I,622,52
5,2017-04-08,13,O,482,52
5,2017-04-08,14,I,624,82
5,2017-04-08,14,O,477,53
5,2017-04-08,15,I,713,104
5,2017-04-08,15,O,581,64
5,2017-04-08,16,I,642,83
5,2017-04-08,16,O,488,61
5,2017-04-08,17,I,585,100
5,2017-04-08,17,O,463,55
5,2017-04-08,18,I,609,92
5,2017-04-08,18,O,384,60
5,2017-04-08,19,I,537,68
5,2017-04-08,19,O,371,40
5,2017-04-08,20,I,393,47
5,2017-04-08,20,O,251,40
5,2017-04-08,21,I,393,41
5,2017-04-08,21,O,224,49
5,2017-04-08,22,I,312,36
5,2017-04-08,22,O,203,43
5,2017-04-08,23,I,249,28
5,2017-04-08,23,O,174,35
5,2017-04-07,0,I,104,13
5,2017-04-07,0,O,35,15
5,2017-04-07,1,I,51,6
5,2017-04-07,1,O,28,5
5,2017-04-07,2,I,41,4
5,2017-04-07,2,O,19,0
5,2017-04-07,3,I,21,5
5,2017-04-07,3,O,20,2
5,2017-04-07,4,I,24,7
5,2017-04-07,4,O,76,7
5,2017-04-07,5,I,103,11
5,2017-04-07,5,O,350,25
5,2017-04-07,6,I,345,25
5,2017-04-07,6,O,958,44
5,2017-04-07,7,I,444,46
5,2017-04-07,7,O,1464,62
5,2017-04-07,8,I,511,70
5,2017-04-07,8,O,880,58
5,2017-04-07,9,I,562,85
5,2017-04-07,9,O,641,58
5,2017-04-07,10,I,366,49
5,2017-04-07,10,O,504,52
5,2017-04-07,11,I,397,55
5,2017-04-07,11,O,488,46
5,2017-04-07,12,I,446,40
5,2017-04-07,12,O,450,54
5,2017-04-07,13,I,502,48
5,2017-04-07,13,O,493,44
5,2017-04-07,14,I,740,60
5,2017-04-07,14,O,547,49
5,2017-04-07,15,I,1048,88
5,2017-04-07,15,O,616,79
5,2017-04-07,16,I,1050,90
5,2017-04-07,16,O,575,63
5,2017-04-07,17,I,998,87
5,2017-04-07,17,O,493,76
5,2017-04-07,18,I,913,80
5,2017-04-07,18,O,460,54
5,2017-04-07,19,I,632,50
5,2017-04-07,19,O,327,41
5,2017-04-07,20,I,456,34
5,2017-04-07,20,O,241,31
5,2017-04-07,21,I,343,44
5,2017-04-07,21,O,210,38
5,2017-04-07,22,I,304,39
5,2017-04-07,22,O,177,32
5,2017-04-07,23,I,48,27
5,2017-04-07,23,O,93,15
5,2017-04-06,0,I,117,14
5,2017-04-06,0,O,35,7
5,2017-04-06,1,I,43,8
5,2017-04-06,1,O,20,7
5,2017-04-06,2,I,27,7
5,2017-04-06,2,O,13,2
5,2017-04-06,3,I,19,6
5,2017-04-06,3,O,37,6
5,2017-04-06,4,I,33,1
5,2017-04-06,4,O,79,7
5,2017-04-06,5,I,92,10
5,2017-04-06,5,O,336,10
5,2017-04-06,6,I,295,31
5,2017-04-06,6,O,970,38
5,2017-04-06,7,I,400,51
5,2017-04-06,7,O,1585,96
5,2017-04-06,8,I,375,43
5,2017-04-06,8,O,998,58
5,2017-04-06,9,I,337,56
5,2017-04-06,9,O,721,42
5,2017-04-06,10,I,312,38
5,2017-04-06,10,O,475,45
5,2017-04-06,11,I,308,27
5,2017-04-06,11,O,467,40
5,2017-04-06,12,I,342,36
5,2017-04-06,12,O,417,65
5,2017-04-06,13,I,427,33
5,2017-04-06,13,O,459,49
5,2017-04-06,14,I,636,45
5,2017-04-06,14,O,465,53
5,2017-04-06,15,I,891,70
5,2017-04-06,15,O,559,62
5,2017-04-06,16,I,925,60
5,2017-04-06,16,O,505,54
5,2017-04-06,17,I,1161,81
5,2017-04-06,17,O,511,52
5,2017-04-06,18,I,1044,77
5,2017-04-06,18,O,405,53
5,2017-04-06,19,I,728,46
5,2017-04-06,19,O,313,38
5,2017-04-06,20,I,504,39
5,2017-04-06,20,O,202,18
5,2017-04-06,21,I,429,28
5,2017-04-06,21,O,184,21
5,2017-04-06,22,I,237,18
5,2017-04-06,22,O,121,25
5,2017-04-06,23,I,160,17
5,2017-04-06,23,O,91,19
5,2017-04-05,0,I,0,0
5,2017-04-05,0,O,5,0
5,2017-04-05,1,I,0,0
5,2017-04-05,1,O,3,0
5,2017-04-05,2,I,0,0
5,2017-04-05,2,O,5,0
5,2017-04-05,3,I,2,0
5,2017-04-05,3,O,12,0
5,2017-04-05,4,I,25,1
5,2017-04-05,4,O,69,4
5,2017-04-05,5,I,114,13
5,2017-04-05,5,O,345,19
5,2017-04-05,6,I,351,36
5,2017-04-05,6,O,1015,44
5,2017-04-05,7,I,440,45
5,2017-04-05,7,O,1676,72
5,2017-04-05,8,I,440,59
5,2017-04-05,8,O,1059,71
5,2017-04-05,9,I,398,44
5,2017-04-05,9,O,723,45
5,2017-04-05,10,I,360,44
5,2017-04-05,10,O,562,43
5,2017-04-05,11,I,371,36
5,2017-04-05,11,O,484,40
5,2017-04-05,12,I,324,50
5,2017-04-05,12,O,477,53
5,2017-04-05,13,I,392,44
5,2017-04-05,13,O,465,53
5,2017-04-05,14,I,764,54
5,2017-04-05,14,O,502,54
5,2017-04-05,15,I,964,74
5,2017-04-05,15,O,626,84
5,2017-04-05,16,I,997,69
5,2017-04-05,16,O,596,51
5,2017-04-05,17,I,1080,85
5,2017-04-05,17,O,584,62
5,2017-04-05,18,I,1210,88
5,2017-04-05,18,O,451,46
5,2017-04-05,19,I,781,60
5,2017-04-05,19,O,310,29
5,2017-04-05,20,I,513,31
5,2017-04-05,20,O,215,35
5,2017-04-05,21,I,459,24
5,2017-04-05,21,O,138,36
5,2017-04-05,22,I,250,12
5,2017-04-05,22,O,119,26
5,2017-04-05,23,I,174,17
5,2017-04-05,23,O,87,13
5,2017-04-04,0,I,72,9
5,2017-04-04,0,O,31,8
5,2017-04-04,1,I,40,3
5,2017-04-04,1,O,21,3
5,2017-04-04,2,I,29,1
5,2017-04-04,2,O,19,3
5,2017-04-04,3,I,12,3
5,2017-04-04,3,O,21,2
5,2017-04-04,4,I,25,2
5,2017-04-04,4,O,62,3
5,2017-04-04,5,I,79,9
5,2017-04-04,5,O,325,13
5,2017-04-04,6,I,299,24
5,2017-04-04,6,O,981,34
5,2017-04-04,7,I,407,30
5,2017-04-04,7,O,1705,95
5,2017-04-04,8,I,467,51
5,2017-04-04,8,O,1271,108
5,2017-04-04,9,I,334,37
5,2017-04-04,9,O,768,66
5,2017-04-04,10,I,323,31
5,2017-04-04,10,O,501,42
5,2017-04-04,11,I,293,36
5,2017-04-04,11,O,499,48
5,2017-04-04,12,I,360,40
5,2017-04-04,12,O,423,49
5,2017-04-04,13,I,400,30
5,2017-04-04,13,O,435,42
5,2017-04-04,14,I,538,31
5,2017-04-04,14,O,500,38
5,2017-04-04,15,I,795,61
5,2017-04-04,15,O,579,64
5,2017-04-04,16,I,1107,68
5,2017-04-04,16,O,534,56
5,2017-04-04,17,I,1157,67
5,2017-04-04,17,O,512,42
5,2017-04-04,18,I,952,47
5,2017-04-04,18,O,413,54
5,2017-04-04,19,I,651,40
5,2017-04-04,19,O,270,42
5,2017-04-04,20,I,495,30
5,2017-04-04,20,O,200,20
5,2017-04-04,21,I,436,29
5,2017-04-04,21,O,168,30
5,2017-04-04,22,I,8,2
5,2017-04-04,22,O,27,9
5,2017-04-04,23,I,0,0
5,2017-04-04,23,O,7,0
5,2017-04-03,0,I,88,15
5,2017-04-03,0,O,28,11
5,2017-04-03,1,I,44,9
5,2017-04-03,1,O,16,5
5,2017-04-03,2,I,24,5
5,2017-04-03,2,O,15,3
5,2017-04-03,3,I,16,2
5,2017-04-03,3,O,24,4
5,2017-04-03,4,I,29,4
5,2017-04-03,4,O,57,7
5,2017-04-03,5,I,107,14
5,2017-04-03,5,O,326,18
5,2017-04-03,6,I,324,37
5,2017-04-03,6,O,1007,35
5,2017-04-03,7,I,442,46
5,2017-04-03,7,O,1578,77
5,2017-04-03,8,I,412,59
5,2017-04-03,8,O,1020,53
5,2017-04-03,9,I,334,37
5,2017-04-03,9,O,677,40
5,2017-04-03,10,I,335,34
5,2017-04-03,10,O,479,52
5,2017-04-03,11,I,358,37
5,2017-04-03,11,O,507,41
5,2017-04-03,12,I,416,34
5,2017-04-03,12,O,448,57
5,2017-04-03,13,I,416,39
5,2017-04-03,13,O,433,49
5,2017-04-03,14,I,523,54
5,2017-04-03,14,O,558,45
5,2017-04-03,15,I,840,71
5,2017-04-03,15,O,594,67
5,2017-04-03,16,I,1149,77
5,2017-04-03,16,O,547,69
5,2017-04-03,17,I,1114,86
5,2017-04-03,17,O,510,72
5,2017-04-03,18,I,1087,83
5,2017-04-03,18,O,453,61
5,2017-04-03,19,I,801,73
5,2017-04-03,19,O,348,46
5,2017-04-03,20,I,546,42
5,2017-04-03,20,O,183,39
5,2017-04-03,21,I,378,28
5,2017-04-03,21,O,152,29
5,2017-04-03,22,I,151,18
5,2017-04-03,22,O,92,17
5,2017-04-03,23,I,105,8
5,2017-04-03,23,O,59,10
5,2017-04-02,0,I,191,24
5,2017-04-02,0,O,107,22
5,2017-04-02,1,I,127,15
5,2017-04-02,1,O,56,14
5,2017-04-02,2,I,76,9
5,2017-04-02,2,O,40,6
5,2017-04-02,3,I,44,9
5,2017-04-02,3,O,27,4
5,2017-04-02,4,I,36,11
5,2017-04-02,4,O,29,7
5,2017-04-02,5,I,50,11
5,2017-04-02,5,O,73,8
5,2017-04-02,6,I,102,13
5,2017-04-02,6,O,136,8
5,2017-04-02,7,I,141,19
5,2017-04-02,7,O,245,25
5,2017-04-02,8,I,194,30
5,2017-04-02,8,O,306,32
5,2017-04-02,9,I,250,30
5,2017-04-02,9,O,457,26
5,2017-04-02,10,I,343,40
5,2017-04-02,10,O,543,54
5,2017-04-02,11,I,437,45
5,2017-04-02,11,O,528,68
5,2017-04-02,12,I,549,67
5,2017-04-02,12,O,540,54
5,2017-04-02,13,I,695,68
5,2017-04-02,13,O,521,48
5,2017-04-02,14,I,704,89
5,2017-04-02,14,O,531,58
5,2017-04-02,15,I,610,74
5,2017-04-02,15,O,596,71
5,2017-04-02,16,I,704,99
5,2017-04-02,16,O,563,76
5,2017-04-02,17,I,681,106
5,2017-04-02,17,O,482,77
5,2017-04-02,18,I,563,82
5,2017-04-02,18,O,487,75
5,2017-04-02,19,I,465,47
5,2017-04-02,19,O,379,71
5,2017-04-02,20,I,475,64
5,2017-04-02,20,O,276,52
5,2017-04-02,21,I,477,47
5,2017-04-02,21,O,175,26
5,2017-04-02,22,I,194,23
5,2017-04-02,22,O,125,28
5,2017-04-02,23,I,146,23
5,2017-04-02,23,O,90,21
5,2017-04-01,0,I,110,12
5,2017-04-01,0,O,37,12
5,2017-04-01,1,I,44,6
5,2017-04-01,1,O,43,8
5,2017-04-01,2,I,34,8
5,2017-04-01,2,O,20,4
5,2017-04-01,3,I,14,4
5,2017-04-01,3,O,23,2
5,2017-04-01,4,I,24,7
5,2017-04-01,4,O,32,3
5,2017-04-01,5,I,49,8
5,2017-04-01,5,O,113,6
5,2017-04-01,6,I,116,9
5,2017-04-01,6,O,245,22
5,2017-04-01,7,I,162,21
5,2017-04-01,7,O,366,35
5,2017-04-01,8,I,255,51
5,2017-04-01,8,O,430,31
5,2017-04-01,9,I,278,34
5,2017-04-01,9,O,493,35
5,2017-04-01,10,I,368,45
5,2017-04-01,10,O,541,46
5,2017-04-01,11,I,412,36
5,2017-04-01,11,O,541,54
5,2017-04-01,12,I,445,59
5,2017-04-01,12,O,512,55
5,2017-04-01,13,I,495,44
5,2017-04-01,13,O,494,55
5,2017-04-01,14,I,501,60
5,2017-04-01,14,O,466,67
5,2017-04-01,15,I,503,60
5,2017-04-01,15,O,468,94
5,2017-04-01,16,I,508,57
5,2017-04-01,16,O,492,73
5,2017-04-01,17,I,518,54
5,2017-04-01,17,O,505,76
5,2017-04-01,18,I,420,55
5,2017-04-01,18,O,457,89
5,2017-04-01,19,I,377,44
5,2017-04-01,19,O,355,69
5,2017-04-01,20,I,379,48
5,2017-04-01,20,O,243,46
5,2017-04-01,21,I,331,37
5,2017-04-01,21,O,235,30
5,2017-04-01,22,I,273,34
5,2017-04-01,22,O,252,36
5,2017-04-01,23,I,263,33
5,2017-04-01,23,O,165,46
5,2017-03-31,0,I,0,0
5,2017-03-31,0,O,8,0
5,2017-03-31,1,I,0,0
5,2017-03-31,1,O,8,0
5,2017-03-31,2,I,0,0
5,2017-03-31,2,O,2,0
5,2017-03-31,3,I,0,0
5,2017-03-31,3,O,1,0
5,2017-03-31,4,I,0,0
5,2017-03-31,4,O,26,1
5,2017-03-31,5,I,92,16
5,2017-03-31,5,O,329,23
5,2017-03-31,6,I,304,30
5,2017-03-31,6,O,902,32
5,2017-03-31,7,I,402,50
5,2017-03-31,7,O,1465,83
5,2017-03-31,8,I,393,40
5,2017-03-31,8,O,910,62
5,2017-03-31,9,I,359,36
5,2017-03-31,9,O,622,39
5,2017-03-31,10,I,320,37
5,2017-03-31,10,O,445,42
5,2017-03-31,11,I,346,37
5,2017-03-31,11,O,468,54
5,2017-03-31,12,I,384,35
5,2017-03-31,12,O,494,47
5,2017-03-31,13,I,507,47
5,2017-03-31,13,O,515,53
5,2017-03-31,14,I,720,62
5,2017-03-31,14,O,511,60
5,2017-03-31,15,I,995,56
5,2017-03-31,15,O,531,70
5,2017-03-31,16,I,1025,86
5,2017-03-31,16,O,556,76
5,2017-03-31,17,I,1065,81
5,2017-03-31,17,O,478,85
5,2017-03-31,18,I,818,76
5,2017-03-31,18,O,427,49
5,2017-03-31,19,I,553,47
5,2017-03-31,19,O,363,69
5,2017-03-31,20,I,344,35
5,2017-03-31,20,O,226,56
5,2017-03-31,21,I,320,33
5,2017-03-31,21,O,217,43
5,2017-03-31,22,I,192,24
5,2017-03-31,22,O,145,24
5,2017-03-31,23,I,119,26
5,2017-03-31,23,O,103,24
5,2017-03-30,0,I,87,12
5,2017-03-30,0,O,32,7
5,2017-03-30,1,I,44,5
5,2017-03-30,1,O,25,1
5,2017-03-30,2,I,24,2
5,2017-03-30,2,O,13,5
5,2017-03-30,3,I,22,4
5,2017-03-30,3,O,21,3
5,2017-03-30,4,I,33,4
5,2017-03-30,4,O,59,4
5,2017-03-30,5,I,98,11
5,2017-03-30,5,O,356,19
5,2017-03-30,6,I,364,35
5,2017-03-30,6,O,1020,44
5,2017-03-30,7,I,400,63
5,2017-03-30,7,O,1596,77
5,2017-03-30,8,I,423,62
5,2017-03-30,8,O,1032,66
5,2017-03-30,9,I,328,39
5,2017-03-30,9,O,708,69
5,2017-03-30,10,I,371,49
5,2017-03-30,10,O,577,46
5,2017-03-30,11,I,295,41
5,2017-03-30,11,O,494,56
5,2017-03-30,12,I,361,51
5,2017-03-30,12,O,442,52
5,2017-03-30,13,I,384,34
5,2017-03-30,13,O,501,65
5,2017-03-30,14,I,721,53
5,2017-03-30,14,O,583,51
5,2017-03-30,15,I,881,89
5,2017-03-30,15,O,605,65
5,2017-03-30,16,I,1079,85
5,2017-03-30,16,O,623,71
5,2017-03-30,17,I,1187,80
5,2017-03-30,17,O,582,89
5,2017-03-30,18,I,1101,65
5,2017-03-30,18,O,484,60
5,2017-03-30,19,I,711,38
5,2017-03-30,19,O,354,49
5,2017-03-30,20,I,538,47
5,2017-03-30,20,O,215,20
5,2017-03-30,21,I,430,33
5,2017-03-30,21,O,167,25
5,2017-03-30,22,I,7,1
5,2017-03-30,22,O,18,4
5,2017-03-30,23,I,0,0
5,2017-03-30,23,O,6,0
5,2017-03-29,0,I,75,10
5,2017-03-29,0,O,22,13
5,2017-03-29,1,I,45,7
5,2017-03-29,1,O,23,6
5,2017-03-29,2,I,21,3
5,2017-03-29,2,O,10,6
5,2017-03-29,3,I,14,4
5,2017-03-29,3,O,17,2
5,2017-03-29,4,I,33,5
5,2017-03-29,4,O,68,2
5,2017-03-29,5,I,95,19
5,2017-03-29,5,O,353,18
5,2017-03-29,6,I,354,40
5,2017-03-29,6,O,1018,52
5,2017-03-29,7,I,437,61
5,2017-03-29,7,O,1623,40
5,2017-03-29,8,I,455,50
5,2017-03-29,8,O,962,70
5,2017-03-29,9,I,354,41
5,2017-03-29,9,O,758,46
5,2017-03-29,10,I,312,43
5,2017-03-29,10,O,539,52
5,2017-03-29,11,I,376,38
5,2017-03-29,11,O,486,36
5,2017-03-29,12,I,426,52
5,2017-03-29,12,O,432,44
5,2017-03-29,13,I,513,62
5,2017-03-29,13,O,490,43
5,2017-03-29,14,I,748,65
5,2017-03-29,14,O,516,68
5,2017-03-29,15,I,975,82
5,2017-03-29,15,O,657,73
5,2017-03-29,16,I,1054,86
5,2017-03-29,16,O,576,73
5,2017-03-29,17,I,1125,84
5,2017-03-29,17,O,579,56
5,2017-03-29,18,I,1156,97
5,2017-03-29,18,O,443,58
5,2017-03-29,19,I,914,79
5,2017-03-29,19,O,336,51
5,2017-03-29,20,I,511,41
5,2017-03-29,20,O,206,40
5,2017-03-29,21,I,431,30
5,2017-03-29,21,O,170,26
5,2017-03-29,22,I,238,22
5,2017-03-29,22,O,115,29
5,2017-03-29,23,I,145,14
5,2017-03-29,23,O,88,23
5,2017-03-28,0,I,64,13
5,2017-03-28,0,O,38,7
5,2017-03-28,1,I,28,4
5,2017-03-28,1,O,14,7
5,2017-03-28,2,I,29,5
5,2017-03-28,2,O,21,3
5,2017-03-28,3,I,18,3
5,2017-03-28,3,O,26,2
5,2017-03-28,4,I,39,3
5,2017-03-28,4,O,62,6
5,2017-03-28,5,I,88,15
5,2017-03-28,5,O,347,18
5,2017-03-28,6,I,329,34
5,2017-03-28,6,O,991,46
5,2017-03-28,7,I,400,51
5,2017-03-28,7,O,1633,76
5,2017-03-28,8,I,404,52
5,2017-03-28,8,O,1100,63
5,2017-03-28,9,I,369,39
5,2017-03-28,9,O,805,59
5,2017-03-28,10,I,369,46
5,2017-03-28,10,O,514,50
5,2017-03-28,11,I,427,47
5,2017-03-28,11,O,422,46
5,2017-03-28,12,I,343,34
5,2017-03-28,12,O,377,32
5,2017-03-28,13,I,422,33
5,2017-03-28,13,O,456,46
5,2017-03-28,14,I,523,43
5,2017-03-28,14,O,509,48
5,2017-03-28,15,I,789,51
5,2017-03-28,15,O,580,61
5,2017-03-28,16,I,1202,79
5,2017-03-28,16,O,494,53
5,2017-03-28,17,I,1159,70
5,2017-03-28,17,O,480,47
5,2017-03-28,18,I,1014,64
5,2017-03-28,18,O,377,46
5,2017-03-28,19,I,622,40
5,2017-03-28,19,O,280,34
5,2017-03-28,20,I,464,31
5,2017-03-28,20,O,181,30
5,2017-03-28,21,I,385,17
5,2017-03-28,21,O,156,23
5,2017-03-28,22,I,207,22
5,2017-03-28,22,O,104,8
5,2017-03-28,23,I,138,15
5,2017-03-28,23,O,80,20
5,2017-03-27,0,I,79,20
5,2017-03-27,0,O,33,13
5,2017-03-27,1,I,36,8
5,2017-03-27,1,O,17,10
5,2017-03-27,2,I,21,4
5,2017-03-27,2,O,17,5
5,2017-03-27,3,I,20,4
5,2017-03-27,3,O,24,3
5,2017-03-27,4,I,31,2
5,2017-03-27,4,O,63,8
5,2017-03-27,5,I,80,10
5,2017-03-27,5,O,322,13
5,2017-03-27,6,I,311,32
5,2017-03-27,6,O,951,37
5,2017-03-27,7,I,382,39
5,2017-03-27,7,O,1582,94
5,2017-03-27,8,I,416,44
5,2017-03-27,8,O,948,68
5,2017-03-27,9,I,406,40
5,2017-03-27,9,O,739,44
5,2017-03-27,10,I,362,35
5,2017-03-27,10,O,515,37
5,2017-03-27,11,I,312,36
5,2017-03-27,11,O,474,38
5,2017-03-27,12,I,374,43
5,2017-03-27,12,O,404,34
5,2017-03-27,13,I,433,35
5,2017-03-27,13,O,424,38
5,2017-03-27,14,I,529,48
5,2017-03-27,14,O,457,56
5,2017-03-27,15,I,761,57
5,2017-03-27,15,O,551,59
5,2017-03-27,16,I,1160,56
5,2017-03-27,16,O,520,48
5,2017-03-27,17,I,1172,69
5,2017-03-27,17,O,515,46
5,2017-03-27,18,I,925,51
5,2017-03-27,18,O,392,52
5,2017-03-27,19,I,599,51
5,2017-03-27,19,O,310,38
5,2017-03-27,20,I,470,24
5,2017-03-27,20,O,185,34
5,2017-03-27,21,I,348,31
5,2017-03-27,21,O,141,26
5,2017-03-27,22,I,187,18
5,2017-03-27,22,O,82,16
5,2017-03-27,23,I,123,8
5,2017-03-27,23,O,84,20
5,2017-03-26,0,I,163,24
5,2017-03-26,0,O,101,25
5,2017-03-26,1,I,92,16
5,2017-03-26,1,O,62,20
5,2017-03-26,2,I,68,15
5,2017-03-26,2,O,31,12
5,2017-03-26,3,I,39,9
5,2017-03-26,3,O,28,8
5,2017-03-26,4,I,34,8
5,2017-03-26,4,O,18,4
5,2017-03-26,5,I,41,7
5,2017-03-26,5,O,64,7
5,2017-03-26,6,I,79,14
5,2017-03-26,6,O,143,7
5,2017-03-26,7,I,115,10
5,2017-03-26,7,O,216,33
5,2017-03-26,8,I,150,36
5,2017-03-26,8,O,319,22
5,2017-03-26,9,I,212,36
5,2017-03-26,9,O,406,25
5,2017-03-26,10,I,292,32
5,2017-03-26,10,O,461,41
5,2017-03-26,11,I,312,39
5,2017-03-26,11,O,534,40
5,2017-03-26,12,I,445,46
5,2017-03-26,12,O,522,44
5,2017-03-26,13,I,540,51
5,2017-03-26,13,O,532,46
5,2017-03-26,14,I,525,67
5,2017-03-26,14,O,431,65
5,2017-03-26,15,I,603,68
5,2017-03-26,15,O,435,61
5,2017-03-26,16,I,611,70
5,2017-03-26,16,O,410,69
5,2017-03-26,17,I,529,66
5,2017-03-26,17,O,346,62
5,2017-03-26,18,I,487,56
5,2017-03-26,18,O,323,50
5,2017-03-26,19,I,386,40
5,2017-03-26,19,O,301,62
5,2017-03-26,20,I,324,32
5,2017-03-26,20,O,264,51
5,2017-03-26,21,I,278,34
5,2017-03-26,21,O,152,28
5,2017-03-26,22,I,196,33
5,2017-03-26,22,O,130,29
5,2017-03-26,23,I,115,14
5,2017-03-26,23,O,99,15
5,2017-03-25,0,I,0,0
5,2017-03-25,0,O,4,1
5,2017-03-25,1,I,0,0
5,2017-03-25,1,O,0,0
5,2017-03-25,2,I,0,0
5,2017-03-25,2,O,0,0
5,2017-03-25,3,I,0,0
5,2017-03-25,3,O,0,0
5,2017-03-25,4,I,0,0
5,2017-03-25,4,O,0,0
5,2017-03-25,5,I,80,9
5,2017-03-25,5,O,147,10
5,2017-03-25,6,I,135,18
5,2017-03-25,6,O,238,16
5,2017-03-25,7,I,179,31
5,2017-03-25,7,O,361,24
5,2017-03-25,8,I,237,47
5,2017-03-25,8,O,458,25
5,2017-03-25,9,I,336,43
5,2017-03-25,9,O,539,27
5,2017-03-25,10,I,389,41
5,2017-03-25,10,O,497,47
5,2017-03-25,11,I,482,43
5,2017-03-25,11,O,571,45
5,2017-03-25,12,I,449,51
5,2017-03-25,12,O,581,60
5,2017-03-25,13,I,557,50
5,2017-03-25,13,O,523,55
5,2017-03-25,14,I,540,58
5,2017-03-25,14,O,470,51
5,2017-03-25,15,I,574,57
5,2017-03-25,15,O,453,59
5,2017-03-25,16,I,577,71
5,2017-03-25,16,O,496,67
5,2017-03-25,17,I,542,70
5,2017-03-25,17,O,481,60
5,2017-03-25,18,I,532,73
5,2017-03-25,18,O,394,45
5,2017-03-25,19,I,424,69
5,2017-03-25,19,O,363,40
5,2017-03-25,20,I,352,48
5,2017-03-25,20,O,249,45
5,2017-03-25,21,I,334,34
5,2017-03-25,21,O,270,35
5,2017-03-25,22,I,302,21
5,2017-03-25,22,O,232,31
5,2017-03-25,23,I,236,22
5,2017-03-25,23,O,160,36
5,2017-03-24,0,I,0,0
5,2017-03-24,0,O,20,11
5,2017-03-24,1,I,0,0
5,2017-03-24,1,O,13,0
5,2017-03-24,2,I,0,0
5,2017-03-24,2,O,18,1
5,2017-03-24,3,I,0,0
5,2017-03-24,3,O,22,7
5,2017-03-24,4,I,13,5
5,2017-03-24,4,O,63,5
5,2017-03-24,5,I,120,17
5,2017-03-24,5,O,318,16
5,2017-03-24,6,I,325,41
5,2017-03-24,6,O,932,35
5,2017-03-24,7,I,432,45
5,2017-03-24,7,O,1410,74
5,2017-03-24,8,I,389,50
5,2017-03-24,8,O,945,69
5,2017-03-24,9,I,354,53
5,2017-03-24,9,O,596,40
5,2017-03-24,10,I,314,42
5,2017-03-24,10,O,492,53
5,2017-03-24,11,I,379,35
5,2017-03-24,11,O,467,56
5,2017-03-24,12,I,421,42
5,2017-03-24,12,O,587,62
5,2017-03-24,13,I,447,29
5,2017-03-24,13,O,606,61
5,2017-03-24,14,I,762,63
5,2017-03-24,14,O,533,49
5,2017-03-24,15,I,1104,85
5,2017-03-24,15,O,631,70
5,2017-03-24,16,I,1068,91
5,2017-03-24,16,O,576,61
5,2017-03-24,17,I,1064,79
5,2017-03-24,17,O,560,78
5,2017-03-24,18,I,847,68
5,2017-03-24,18,O,445,60
5,2017-03-24,19,I,589,43
5,2017-03-24,19,O,351,32
5,2017-03-24,20,I,438,48
5,2017-03-24,20,O,239,31
5,2017-03-24,21,I,373,40
5,2017-03-24,21,O,201,32
5,2017-03-24,22,I,95,10
5,2017-03-24,22,O,152,23
5,2017-03-24,23,I,0,0
5,2017-03-24,23,O,147,25
5,2017-03-23,0,I,93,10
5,2017-03-23,0,O,25,2
5,2017-03-23,1,I,36,8
5,2017-03-23,1,O,25,6
5,2017-03-23,2,I,31,5
5,2017-03-23,2,O,12,4
5,2017-03-23,3,I,13,11
5,2017-03-23,3,O,20,5
5,2017-03-23,4,I,24,3
5,2017-03-23,4,O,63,4
5,2017-03-23,5,I,93,19
5,2017-03-23,5,O,358,14
5,2017-03-23,6,I,350,39
5,2017-03-23,6,O,953,48
5,2017-03-23,7,I,405,49
5,2017-03-23,7,O,1681,121
5,2017-03-23,8,I,383,57
5,2017-03-23,8,O,1060,86
5,2017-03-23,9,I,367,42
5,2017-03-23,9,O,773,65
5,2017-03-23,10,I,321,54
5,2017-03-23,10,O,549,49
5,2017-03-23,11,I,326,32
5,2017-03-23,11,O,497,43
5,2017-03-23,12,I,326,40
5,2017-03-23,12,O,428,61
5,2017-03-23,13,I,432,48
5,2017-03-23,13,O,507,54
5,2017-03-23,14,I,607,55
5,2017-03-23,14,O,520,52
5,2017-03-23,15,I,850,61
5,2017-03-23,15,O,607,82
5,2017-03-23,16,I,862,86
5,2017-03-23,16,O,550,68
5,2017-03-23,17,I,1054,76
5,2017-03-23,17,O,553,57
5,2017-03-23,18,I,1092,89
5,2017-03-23,18,O,503,64
5,2017-03-23,19,I,737,43
5,2017-03-23,19,O,349,48
5,2017-03-23,20,I,583,37
5,2017-03-23,20,O,243,34
5,2017-03-23,21,I,453,38
5,2017-03-23,21,O,181,33
5,2017-03-23,22,I,5,0
5,2017-03-23,22,O,88,18
5,2017-03-23,23,I,0,0
5,2017-03-23,23,O,68,15
5,2017-03-22,0,I,104,19
5,2017-03-22,0,O,27,10
5,2017-03-22,1,I,45,4
5,2017-03-22,1,O,20,6
5,2017-03-22,2,I,26,6
5,2017-03-22,2,O,15,1
5,2017-03-22,3,I,20,3
5,2017-03-22,3,O,16,4
5,2017-03-22,4,I,27,1
5,2017-03-22,4,O,76,7
5,2017-03-22,5,I,112,12
5,2017-03-22,5,O,346,12
5,2017-03-22,6,I,315,29
5,2017-03-22,6,O,998,39
5,2017-03-22,7,I,442,52
5,2017-03-22,7,O,1585,82
5,2017-03-22,8,I,418,46
5,2017-03-22,8,O,1087,99
5,2017-03-22,9,I,356,50
5,2017-03-22,9,O,758,58
5,2017-03-22,10,I,315,43
5,2017-03-22,10,O,549,46
5,2017-03-22,11,I,338,42
5,2017-03-22,11,O,455,32
5,2017-03-22,12,I,372,46
5,2017-03-22,12,O,426,59
5,2017-03-22,13,I,410,46
5,2017-03-22,13,O,442,48
5,2017-03-22,14,I,604,52
5,2017-03-22,14,O,498,48
5,2017-03-22,15,I,980,82
5,2017-03-22,15,O,592,61
5,2017-03-22,16,I,996,81
5,2017-03-22,16,O,542,59
5,2017-03-22,17,I,1083,64
5,2017-03-22,17,O,561,63
5,2017-03-22,18,I,1015,77
5,2017-03-22,18,O,407,34
5,2017-03-22,19,I,712,48
5,2017-03-22,19,O,340,41
5,2017-03-22,20,I,475,35
5,2017-03-22,20,O,185,34
5,2017-03-22,21,I,368,37
5,2017-03-22,21,O,151,28
5,2017-03-22,22,I,273,18
5,2017-03-22,22,O,113,22
5,2017-03-22,23,I,159,8
5,2017-03-22,23,O,99,21
5,2017-03-21,0,I,99,15
5,2017-03-21,0,O,30,10
5,2017-03-21,1,I,37,7
5,2017-03-21,1,O,19,6
5,2017-03-21,2,I,22,4
5,2017-03-21,2,O,16,2
5,2017-03-21,3,I,23,4
5,2017-03-21,3,O,23,2
5,2017-03-21,4,I,32,4
5,2017-03-21,4,O,59,6
5,2017-03-21,5,I,109,10
5,2017-03-21,5,O,360,9
5,2017-03-21,6,I,333,38
5,2017-03-21,6,O,982,51
5,2017-03-21,7,I,432,48
5,2017-03-21,7,O,1535,70
5,2017-03-21,8,I,434,55
5,2017-03-21,8,O,1078,80
5,2017-03-21,9,I,369,45
5,2017-03-21,9,O,706,63
5,2017-03-21,10,I,383,49
5,2017-03-21,10,O,519,54
5,2017-03-21,11,I,332,54
5,2017-03-21,11,O,431,36
5,2017-03-21,12,I,366,30
5,2017-03-21,12,O,417,48
5,2017-03-21,13,I,412,48
5,2017-03-21,13,O,465,58
5,2017-03-21,14,I,543,50
5,2017-03-21,14,O,531,60
5,2017-03-21,15,I,778,54
5,2017-03-21,15,O,613,65
5,2017-03-21,16,I,1131,70
5,2017-03-21,16,O,537,61
5,2017-03-21,17,I,1113,82
5,2017-03-21,17,O,523,66
5,2017-03-21,18,I,1154,76
5,2017-03-21,18,O,435,56
5,2017-03-21,19,I,759,59
5,2017-03-21,19,O,334,28
5,2017-03-21,20,I,496,32
5,2017-03-21,20,O,216,22
5,2017-03-21,21,I,392,27
5,2017-03-21,21,O,170,21
5,2017-03-21,22,I,253,29
5,2017-03-21,22,O,128,18
5,2017-03-21,23,I,160,16
5,2017-03-21,23,O,88,21
5,2017-03-20,0,I,89,17
5,2017-03-20,0,O,37,17
5,2017-03-20,1,I,32,8
5,2017-03-20,1,O,14,8
5,2017-03-20,2,I,31,6
5,2017-03-20,2,O,16,4
5,2017-03-20,3,I,21,3
5,2017-03-20,3,O,26,6
5,2017-03-20,4,I,29,2
5,2017-03-20,4,O,70,3
5,2017-03-20,5,I,95,23
5,2017-03-20,5,O,312,14
5,2017-03-20,6,I,339,39
5,2017-03-20,6,O,925,46
5,2017-03-20,7,I,406,50
5,2017-03-20,7,O,1515,75
5,2017-03-20,8,I,392,61
5,2017-03-20,8,O,945,62
5,2017-03-20,9,I,360,44
5,2017-03-20,9,O,670,67
5,2017-03-20,10,I,332,39
5,2017-03-20,10,O,544,32
5,2017-03-20,11,I,336,49
5,2017-03-20,11,O,485,49
5,2017-03-20,12,I,349,35
5,2017-03-20,12,O,430,49
5,2017-03-20,13,I,424,34
5,2017-03-20,13,O,449,50
5,2017-03-20,14,I,557,41
5,2017-03-20,14,O,504,48
5,2017-03-20,15,I,793,61
5,2017-03-20,15,O,567,55
5,2017-03-20,16,I,1042,80
5,2017-03-20,16,O,502,72
5,2017-03-20,17,I,1072,82
5,2017-03-20,17,O,543,58
5,2017-03-20,18,I,1004,85
5,2017-03-20,18,O,452,45
5,2017-03-20,19,I,716,45
5,2017-03-20,19,O,326,45
5,2017-03-20,20,I,494,42
5,2017-03-20,20,O,187,34
5,2017-03-20,21,I,363,25
5,2017-03-20,21,O,129,28
5,2017-03-20,22,I,224,18
5,2017-03-20,22,O,111,25
5,2017-03-20,23,I,132,15
5,2017-03-20,23,O,76,21
5,2017-03-19,0,I,204,24
5,2017-03-19,0,O,97,19
5,2017-03-19,1,I,140,20
5,2017-03-19,1,O,60,18
5,2017-03-19,2,I,76,15
5,2017-03-19,2,O,33,15
5,2017-03-19,3,I,44,14
5,2017-03-19,3,O,38,15
5,2017-03-19,4,I,38,11
5,2017-03-19,4,O,43,6
5,2017-03-19,5,I,39,9
5,2017-03-19,5,O,76,6
5,2017-03-19,6,I,99,13
5,2017-03-19,6,O,147,14
5,2017-03-19,7,I,97,11
5,2017-03-19,7,O,216,13
5,2017-03-19,8,I,152,21
5,2017-03-19,8,O,247,36
5,2017-03-19,9,I,188,32
5,2017-03-19,9,O,364,32
5,2017-03-19,10,I,288,26
5,2017-03-19,10,O,462,47
5,2017-03-19,11,I,311,42
5,2017-03-19,11,O,520,47
5,2017-03-19,12,I,551,75
5,2017-03-19,12,O,470,42
5,2017-03-19,13,I,535,46
5,2017-03-19,13,O,510,46
5,2017-03-19,14,I,632,76
5,2017-03-19,14,O,493,63
5,2017-03-19,15,I,666,81
5,2017-03-19,15,O,452,59
5,2017-03-19,16,I,751,108
5,2017-03-19,16,O,445,62
5,2017-03-19,17,I,628,104
5,2017-03-19,17,O,413,43
5,2017-03-19,18,I,530,76
5,2017-03-19,18,O,381,61
5,2017-03-19,19,I,475,63
5,2017-03-19,19,O,311,36
5,2017-03-19,20,I,347,38
5,2017-03-19,20,O,255,41
5,2017-03-19,21,I,314,38
5,2017-03-19,21,O,207,26
5,2017-03-19,22,I,201,22
5,2017-03-19,22,O,122,43
5,2017-03-19,23,I,150,18
5,2017-03-19,23,O,81,25
5,2017-03-18,0,I,146,22
5,2017-03-18,0,O,99,20
5,2017-03-18,1,I,99,19
5,2017-03-18,1,O,54,19
5,2017-03-18,2,I,54,20
5,2017-03-18,2,O,42,11
5,2017-03-18,3,I,49,8
5,2017-03-18,3,O,21,6
5,2017-03-18,4,I,37,7
5,2017-03-18,4,O,38,5
5,2017-03-18,5,I,52,7
5,2017-03-18,5,O,101,8
5,2017-03-18,6,I,108,15
5,2017-03-18,6,O,215,22
5,2017-03-18,7,I,143,28
5,2017-03-18,7,O,334,35
5,2017-03-18,8,I,193,34
5,2017-03-18,8,O,393,46
5,2017-03-18,9,I,215,22
5,2017-03-18,9,O,430,43
5,2017-03-18,10,I,300,29
5,2017-03-18,10,O,480,35
5,2017-03-18,11,I,342,38
5,2017-03-18,11,O,488,38
5,2017-03-18,12,I,436,52
5,2017-03-18,12,O,478,50
5,2017-03-18,13,I,449,52
5,2017-03-18,13,O,477,66
5,2017-03-18,14,I,476,54
5,2017-03-18,14,O,440,59
5,2017-03-18,15,I,435,52
5,2017-03-18,15,O,457,51
5,2017-03-18,16,I,537,62
5,2017-03-18,16,O,398,64
5,2017-03-18,17,I,475,66
5,2017-03-18,17,O,405,42
5,2017-03-18,18,I,490,48
5,2017-03-18,18,O,333,44
5,2017-03-18,19,I,380,40
5,2017-03-18,19,O,259,45
5,2017-03-18,20,I,288,38
5,2017-03-18,20,O,216,31
5,2017-03-18,21,I,287,19
5,2017-03-18,21,O,222,22
5,2017-03-18,22,I,246,16
5,2017-03-18,22,O,186,36
5,2017-03-18,23,I,266,27
5,2017-03-18,23,O,148,32
5,2017-03-17,0,I,118,11
5,2017-03-17,0,O,50,13
5,2017-03-17,1,I,67,8
5,2017-03-17,1,O,27,6
5,2017-03-17,2,I,45,3
5,2017-03-17,2,O,26,7
5,2017-03-17,3,I,27,5
5,2017-03-17,3,O,21,3
5,2017-03-17,4,I,36,1
5,2017-03-17,4,O,60,1
5,2017-03-17,5,I,102,11
5,2017-03-17,5,O,285,24
5,2017-03-17,6,I,278,34
5,2017-03-17,6,O,787,41
5,2017-03-17,7,I,391,45
5,2017-03-17,7,O,1379,75
5,2017-03-17,8,I,381,60
5,2017-03-17,8,O,941,71
5,2017-03-17,9,I,321,35
5,2017-03-17,9,O,640,54
5,2017-03-17,10,I,316,40
5,2017-03-17,10,O,546,44
5,2017-03-17,11,I,298,44
5,2017-03-17,11,O,494,49
5,2017-03-17,12,I,404,43
5,2017-03-17,12,O,466,50
5,2017-03-17,13,I,433,37
5,2017-03-17,13,O,485,60
5,2017-03-17,14,I,631,66
5,2017-03-17,14,O,621,49
5,2017-03-17,15,I,893,61
5,2017-03-17,15,O,536,83
5,2017-03-17,16,I,933,73
5,2017-03-17,16,O,529,83
5,2017-03-17,17,I,892,64
5,2017-03-17,17,O,451,66
5,2017-03-17,18,I,745,67
5,2017-03-17,18,O,411,59
5,2017-03-17,19,I,551,58
5,2017-03-17,19,O,344,42
5,2017-03-17,20,I,381,42
5,2017-03-17,20,O,288,40
5,2017-03-17,21,I,388,42
5,2017-03-17,21,O,192,35
5,2017-03-17,22,I,405,38
5,2017-03-17,22,O,196,36
5,2017-03-17,23,I,224,28
5,2017-03-17,23,O,156,31
5,2017-03-16,0,I,86,8
5,2017-03-16,0,O,36,10
5,2017-03-16,1,I,49,5
5,2017-03-16,1,O,17,4
5,2017-03-16,2,I,26,3
5,2017-03-16,2,O,18,4
5,2017-03-16,3,I,27,5
5,2017-03-16,3,O,26,4
5,2017-03-16,4,I,31,3
5,2017-03-16,4,O,64,2
5,2017-03-16,5,I,85,10
5,2017-03-16,5,O,336,17
5,2017-03-16,6,I,288,27
5,2017-03-16,6,O,900,39
5,2017-03-16,7,I,389,46
5,2017-03-16,7,O,1499,65
5,2017-03-16,8,I,397,42
5,2017-03-16,8,O,941,90
5,2017-03-16,9,I,279,34
5,2017-03-16,9,O,791,61
5,2017-03-16,10,I,313,39
5,2017-03-16,10,O,554,55
5,2017-03-16,11,I,316,27
5,2017-03-16,11,O,495,54
5,2017-03-16,12,I,354,44
5,2017-03-16,12,O,416,42
5,2017-03-16,13,I,379,44
5,2017-03-16,13,O,441,40
5,2017-03-16,14,I,597,48
5,2017-03-16,14,O,458,45
5,2017-03-16,15,I,839,77
5,2017-03-16,15,O,519,68
5,2017-03-16,16,I,836,72
5,2017-03-16,16,O,502,81
5,2017-03-16,17,I,1031,86
5,2017-03-16,17,O,513,52
5,2017-03-16,18,I,1099,93
5,2017-03-16,18,O,431,49
5,2017-03-16,19,I,932,70
5,2017-03-16,19,O,316,43
5,2017-03-16,20,I,695,58
5,2017-03-16,20,O,219,28
5,2017-03-16,21,I,425,27
5,2017-03-16,21,O,154,27
5,2017-03-16,22,I,311,30
5,2017-03-16,22,O,128,23
5,2017-03-16,23,I,174,11
5,2017-03-16,23,O,98,26
5,2017-03-15,0,I,41,9
5,2017-03-15,0,O,21,4
5,2017-03-15,1,I,25,4
5,2017-03-15,1,O,10,4
5,2017-03-15,2,I,16,4
5,2017-03-15,2,O,14,3
5,2017-03-15,3,I,14,2
5,2017-03-15,3,O,23,2
5,2017-03-15,4,I,25,4
5,2017-03-15,4,O,52,3
5,2017-03-15,5,I,63,16
5,2017-03-15,5,O,282,12
5,2017-03-15,6,I,228,24
5,2017-03-15,6,O,765,27
5,2017-03-15,7,I,344,23
5,2017-03-15,7,O,1355,63
5,2017-03-15,8,I,338,48
5,2017-03-15,8,O,936,76
5,2017-03-15,9,I,292,29
5,2017-03-15,9,O,513,43
5,2017-03-15,10,I,265,27
5,2017-03-15,10,O,407,32
5,2017-03-15,11,I,233,29
5,2017-03-15,11,O,333,26
5,2017-03-15,12,I,236,28
5,2017-03-15,12,O,328,28
5,2017-03-15,13,I,321,19
5,2017-03-15,13,O,359,28
5,2017-03-15,14,I,506,52
5,2017-03-15,14,O,363,43
5,2017-03-15,15,I,759,60
5,2017-03-15,15,O,450,51
5,2017-03-15,16,I,705,63
5,2017-03-15,16,O,422,38
5,2017-03-15,17,I,768,54
5,2017-03-15,17,O,432,59
5,2017-03-15,18,I,992,79
5,2017-03-15,18,O,342,37
5,2017-03-15,19,I,614,43
5,2017-03-15,19,O,241,28
5,2017-03-15,20,I,389,39
5,2017-03-15,20,O,149,29
5,2017-03-15,21,I,275,29
5,2017-03-15,21,O,117,16
5,2017-03-15,22,I,197,20
5,2017-03-15,22,O,110,26
5,2017-03-15,23,I,126,14
5,2017-03-15,23,O,74,18
5,2017-03-14,0,I,137,16
5,2017-03-14,0,O,44,11
5,2017-03-14,1,I,78,9
5,2017-03-14,1,O,46,6
5,2017-03-14,2,I,34,8
5,2017-03-14,2,O,30,11
5,2017-03-14,3,I,29,3
5,2017-03-14,3,O,51,2
5,2017-03-14,4,I,39,4
5,2017-03-14,4,O,61,4
5,2017-03-14,5,I,34,5
5,2017-03-14,5,O,88,5
5,2017-03-14,6,I,57,8
5,2017-03-14,6,O,137,9
5,2017-03-14,7,I,61,7
5,2017-03-14,7,O,96,13
5,2017-03-14,8,I,81,4
5,2017-03-14,8,O,126,8
5,2017-03-14,9,I,56,5
5,2017-03-14,9,O,67,5
5,2017-03-14,10,I,68,7
5,2017-03-14,10,O,74,6
5,2017-03-14,11,I,52,8
5,2017-03-14,11,O,56,4
5,2017-03-14,12,I,50,7
5,2017-03-14,12,O,52,8
5,2017-03-14,13,I,77,14
5,2017-03-14,13,O,94,13
5,2017-03-14,14,I,98,13
5,2017-03-14,14,O,115,8
5,2017-03-14,15,I,125,15
5,2017-03-14,15,O,111,9
5,2017-03-14,16,I,154,23
5,2017-03-14,16,O,121,16
5,2017-03-14,17,I,144,18
5,2017-03-14,17,O,104,10
5,2017-03-14,18,I,122,12
5,2017-03-14,18,O,118,12
5,2017-03-14,19,I,108,15
5,2017-03-14,19,O,83,12
5,2017-03-14,20,I,85,6
5,2017-03-14,20,O,62,10
5,2017-03-14,21,I,69,9
5,2017-03-14,21,O,46,4
5,2017-03-14,22,I,85,13
5,2017-03-14,22,O,60,5
5,2017-03-14,23,I,56,15
5,2017-03-14,23,O,38,6
5,2017-03-13,0,I,80,17
5,2017-03-13,0,O,49,13
5,2017-03-13,1,I,50,9
5,2017-03-13,1,O,25,5
5,2017-03-13,2,I,21,5
5,2017-03-13,2,O,19,7
5,2017-03-13,3,I,20,3
5,2017-03-13,3,O,24,9
5,2017-03-13,4,I,39,8
5,2017-03-13,4,O,64,3
5,2017-03-13,5,I,80,17
5,2017-03-13,5,O,344,24
5,2017-03-13,6,I,318,30
5,2017-03-13,6,O,927,35
5,2017-03-13,7,I,402,38
5,2017-03-13,7,O,1540,78
5,2017-03-13,8,I,384,58
5,2017-03-13,8,O,970,72
5,2017-03-13,9,I,323,46
5,2017-03-13,9,O,772,63
5,2017-03-13,10,I,357,39
5,2017-03-13,10,O,575,42
5,2017-03-13,11,I,341,34
5,2017-03-13,11,O,484,59
5,2017-03-13,12,I,374,34
5,2017-03-13,12,O,492,46
5,2017-03-13,13,I,363,27
5,2017-03-13,13,O,503,61
5,2017-03-13,14,I,606,58
5,2017-03-13,14,O,466,50
5,2017-03-13,15,I,814,89
5,2017-03-13,15,O,557,59
5,2017-03-13,16,I,1148,82
5,2017-03-13,16,O,538,58
5,2017-03-13,17,I,1118,82
5,2017-03-13,17,O,520,73
5,2017-03-13,18,I,1126,92
5,2017-03-13,18,O,462,63
5,2017-03-13,19,I,815,60
5,2017-03-13,19,O,345,48
5,2017-03-13,20,I,513,52
5,2017-03-13,20,O,227,44
5,2017-03-13,21,I,390,50
5,2017-03-13,21,O,186,27
5,2017-03-13,22,I,266,31
5,2017-03-13,22,O,164,42
5,2017-03-13,23,I,198,24
5,2017-03-13,23,O,125,30
5,2017-03-12,0,I,177,32
5,2017-03-12,0,O,92,18
5,2017-03-12,1,I,101,24
5,2017-03-12,1,O,51,14
5,2017-03-12,2,I,0,0
5,2017-03-12,2,O,0,0
5,2017-03-12,3,I,80,19
5,2017-03-12,3,O,38,10
5,2017-03-12,4,I,50,10
5,2017-03-12,4,O,32,15
5,2017-03-12,5,I,49,9
5,2017-03-12,5,O,54,10
5,2017-03-12,6,I,72,19
5,2017-03-12,6,O,117,11
5,2017-03-12,7,I,94,15
5,2017-03-12,7,O,181,24
5,2017-03-12,8,I,135,13
5,2017-03-12,8,O,240,20
5,2017-03-12,9,I,145,13
5,2017-03-12,9,O,323,29
5,2017-03-12,10,I,235,27
5,2017-03-12,10,O,426,44
5,2017-03-12,11,I,296,31
5,2017-03-12,11,O,456,39
5,2017-03-12,12,I,393,37
5,2017-03-12,12,O,483,40
5,2017-03-12,13,I,450,48
5,2017-03-12,13,O,520,39
5,2017-03-12,14,I,521,48
5,2017-03-12,14,O,464,55
5,2017-03-12,15,I,458,55
5,2017-03-12,15,O,490,54
5,2017-03-12,16,I,583,67
5,2017-03-12,16,O,497,52
5,2017-03-12,17,I,549,66
5,2017-03-12,17,O,446,57
5,2017-03-12,18,I,436,48
5,2017-03-12,18,O,313,54
5,2017-03-12,19,I,357,43
5,2017-03-12,19,O,346,39
5,2017-03-12,20,I,467,33
5,2017-03-12,20,O,265,40
5,2017-03-12,21,I,321,30
5,2017-03-12,21,O,198,33
5,2017-03-12,22,I,180,27
5,2017-03-12,22,O,131,36
5,2017-03-12,23,I,122,18
5,2017-03-12,23,O,97,16
5,2017-03-11,0,I,145,23
5,2017-03-11,0,O,58,18
5,2017-03-11,1,I,94,16
5,2017-03-11,1,O,49,15
5,2017-03-11,2,I,69,11
5,2017-03-11,2,O,32,9
5,2017-03-11,3,I,38,10
5,2017-03-11,3,O,26,10
5,2017-03-11,4,I,34,8
5,2017-03-11,4,O,31,4
5,2017-03-11,5,I,46,9
5,2017-03-11,5,O,111,11
5,2017-03-11,6,I,100,21
5,2017-03-11,6,O,228,21
5,2017-03-11,7,I,205,31
5,2017-03-11,7,O,398,32
5,2017-03-11,8,I,236,32
5,2017-03-11,8,O,411,31
5,2017-03-11,9,I,236,45
5,2017-03-11,9,O,498,50
5,2017-03-11,10,I,343,31
5,2017-03-11,10,O,484,44
5,2017-03-11,11,I,414,33
5,2017-03-11,11,O,489,40
5,2017-03-11,12,I,427,40
5,2017-03-11,12,O,486,47
5,2017-03-11,13,I,443,47
5,2017-03-11,13,O,516,52
5,2017-03-11,14,I,503,65
5,2017-03-11,14,O,457,67
5,2017-03-11,15,I,519,66
5,2017-03-11,15,O,444,61
5,2017-03-11,16,I,552,75
5,2017-03-11,16,O,438,74
5,2017-03-11,17,I,475,69
5,2017-03-11,17,O,386,67
5,2017-03-11,18,I,467,67
5,2017-03-11,18,O,392,58
5,2017-03-11,19,I,392,65
5,2017-03-11,19,O,309,61
5,2017-03-11,20,I,319,57
5,2017-03-11,20,O,214,48
5,2017-03-11,21,I,294,35
5,2017-03-11,21,O,237,42
5,2017-03-11,22,I,300,37
5,2017-03-11,22,O,166,40
5,2017-03-11,23,I,258,27
5,2017-03-11,23,O,157,36
5,2017-03-10,0,I,0,0
5,2017-03-10,0,O,27,3
5,2017-03-10,1,I,0,0
5,2017-03-10,1,O,15,2
5,2017-03-10,2,I,0,0
5,2017-03-10,2,O,13,0
5,2017-03-10,3,I,0,0
5,2017-03-10,3,O,12,4
5,2017-03-10,4,I,0,0
5,2017-03-10,4,O,56,1
5,2017-03-10,5,I,99,18
5,2017-03-10,5,O,297,22
5,2017-03-10,6,I,321,40
5,2017-03-10,6,O,947,49
5,2017-03-10,7,I,436,44
5,2017-03-10,7,O,1356,70
5,2017-03-10,8,I,353,46
5,2017-03-10,8,O,860,48
5,2017-03-10,9,I,303,40
5,2017-03-10,9,O,527,41
5,2017-03-10,10,I,256,28
5,2017-03-10,10,O,429,31
5,2017-03-10,11,I,311,30
5,2017-03-10,11,O,432,51
5,2017-03-10,12,I,393,33
5,2017-03-10,12,O,399,40
5,2017-03-10,13,I,454,41
5,2017-03-10,13,O,446,40
5,2017-03-10,14,I,739,34
5,2017-03-10,14,O,491,44
5,2017-03-10,15,I,903,64
5,2017-03-10,15,O,527,59
5,2017-03-10,16,I,823,52
5,2017-03-10,16,O,540,60
5,2017-03-10,17,I,730,62
5,2017-03-10,17,O,462,62
5,2017-03-10,18,I,613,50
5,2017-03-10,18,O,419,55
5,2017-03-10,19,I,481,51
5,2017-03-10,19,O,360,45
5,2017-03-10,20,I,390,31
5,2017-03-10,20,O,207,33
5,2017-03-10,21,I,373,33
5,2017-03-10,21,O,151,22
5,2017-03-10,22,I,237,32
5,2017-03-10,22,O,141,32
5,2017-03-10,23,I,224,31
5,2017-03-10,23,O,124,29
5,2017-03-09,0,I,94,12
5,2017-03-09,0,O,28,8
5,2017-03-09,1,I,37,6
5,2017-03-09,1,O,19,4
5,2017-03-09,2,I,25,5
5,2017-03-09,2,O,15,3
5,2017-03-09,3,I,18,5
5,2017-03-09,3,O,19,4
5,2017-03-09,4,I,26,3
5,2017-03-09,4,O,75,5
5,2017-03-09,5,I,114,16
5,2017-03-09,5,O,332,23
5,2017-03-09,6,I,285,39
5,2017-03-09,6,O,1040,57
5,2017-03-09,7,I,407,53
5,2017-03-09,7,O,1575,87
5,2017-03-09,8,I,390,57
5,2017-03-09,8,O,1007,75
5,2017-03-09,9,I,327,51
5,2017-03-09,9,O,547,38
5,2017-03-09,10,I,306,36
5,2017-03-09,10,O,686,59
5,2017-03-09,11,I,357,40
5,2017-03-09,11,O,453,67
5,2017-03-09,12,I,418,54
5,2017-03-09,12,O,485,64
5,2017-03-09,13,I,419,26
5,2017-03-09,13,O,534,62
5,2017-03-09,14,I,592,60
5,2017-03-09,14,O,505,66
5,2017-03-09,15,I,874,76
5,2017-03-09,15,O,609,77
5,2017-03-09,16,I,896,75
5,2017-03-09,16,O,612,63
5,2017-03-09,17,I,1087,95
5,2017-03-09,17,O,495,96
5,2017-03-09,18,I,1062,72
5,2017-03-09,18,O,443,45
5,2017-03-09,19,I,899,50
5,2017-03-09,19,O,308,40
5,2017-03-09,20,I,640,39
5,2017-03-09,20,O,228,37
5,2017-03-09,21,I,466,38
5,2017-03-09,21,O,175,31
5,2017-03-09,22,I,4,0
5,2017-03-09,22,O,93,16
5,2017-03-09,23,I,0,0
5,2017-03-09,23,O,75,21
5,2017-03-08,0,I,73,7
5,2017-03-08,0,O,25,7
5,2017-03-08,1,I,38,5
5,2017-03-08,1,O,25,4
5,2017-03-08,2,I,26,4
5,2017-03-08,2,O,20,1
5,2017-03-08,3,I,17,4
5,2017-03-08,3,O,24,8
5,2017-03-08,4,I,29,4
5,2017-03-08,4,O,64,2
5,2017-03-08,5,I,101,18
5,2017-03-08,5,O,358,22
5,2017-03-08,6,I,309,37
5,2017-03-08,6,O,1015,49
5,2017-03-08,7,I,424,55
5,2017-03-08,7,O,1561,76
5,2017-03-08,8,I,383,64
5,2017-03-08,8,O,1112,86
5,2017-03-08,9,I,342,57
5,2017-03-08,9,O,698,46
5,2017-03-08,10,I,320,39
5,2017-03-08,10,O,490,49
5,2017-03-08,11,I,315,35
5,2017-03-08,11,O,554,32
5,2017-03-08,12,I,356,42
5,2017-03-08,12,O,461,43
5,2017-03-08,13,I,412,27
5,2017-03-08,13,O,494,53
5,2017-03-08,14,I,643,49
5,2017-03-08,14,O,516,61
5,2017-03-08,15,I,946,77
5,2017-03-08,15,O,628,63
5,2017-03-08,16,I,955,68
5,2017-03-08,16,O,557,67
5,2017-03-08,17,I,1076,89
5,2017-03-08,17,O,551,63
5,2017-03-08,18,I,1060,66
5,2017-03-08,18,O,435,66
5,2017-03-08,19,I,762,58
5,2017-03-08,19,O,334,48
5,2017-03-08,20,I,561,39
5,2017-03-08,20,O,210,35
5,2017-03-08,21,I,396,37
5,2017-03-08,21,O,147,26
5,2017-03-08,22,I,234,18
5,2017-03-08,22,O,133,23
5,2017-03-08,23,I,145,11
5,2017-03-08,23,O,85,25
5,2017-03-07,0,I,0,0
5,2017-03-07,0,O,25,7
5,2017-03-07,1,I,0,0
5,2017-03-07,1,O,20,1
5,2017-03-07,2,I,8,1
5,2017-03-07,2,O,21,6
5,2017-03-07,3,I,15,2
5,2017-03-07,3,O,21,2
5,2017-03-07,4,I,21,0
5,2017-03-07,4,O,58,3
5,2017-03-07,5,I,108,13
5,2017-03-07,5,O,352,19
5,2017-03-07,6,I,324,36
5,2017-03-07,6,O,1091,39
5,2017-03-07,7,I,407,45
5,2017-03-07,7,O,1513,90
5,2017-03-07,8,I,417,53
5,2017-03-07,8,O,1052,82
5,2017-03-07,9,I,325,45
5,2017-03-07,9,O,652,45
5,2017-03-07,10,I,350,37
5,2017-03-07,10,O,519,54
5,2017-03-07,11,I,311,40
5,2017-03-07,11,O,437,41
5,2017-03-07,12,I,350,44
5,2017-03-07,12,O,443,50
5,2017-03-07,13,I,364,34
5,2017-03-07,13,O,486,45
5,2017-03-07,14,I,577,44
5,2017-03-07,14,O,438,48
5,2017-03-07,15,I,827,59
5,2017-03-07,15,O,540,66
5,2017-03-07,16,I,1118,63
5,2017-03-07,16,O,585,55
5,2017-03-07,17,I,975,66
5,2017-03-07,17,O,585,64
5,2017-03-07,18,I,912,58
5,2017-03-07,18,O,419,46
5,2017-03-07,19,I,653,52
5,2017-03-07,19,O,277,52
5,2017-03-07,20,I,526,29
5,2017-03-07,20,O,165,37
5,2017-03-07,21,I,422,39
5,2017-03-07,21,O,153,28
5,2017-03-07,22,I,201,22
5,2017-03-07,22,O,96,26
5,2017-03-07,23,I,110,16
5,2017-03-07,23,O,100,24
5,2017-03-06,0,I,73,8
5,2017-03-06,0,O,32,10
5,2017-03-06,1,I,28,6
5,2017-03-06,1,O,18,5
5,2017-03-06,2,I,18,2
5,2017-03-06,2,O,14,4
5,2017-03-06,3,I,16,5
5,2017-03-06,3,O,25,9
5,2017-03-06,4,I,26,8
5,2017-03-06,4,O,69,5
5,2017-03-06,5,I,89,17
5,2017-03-06,5,O,320,21
5,2017-03-06,6,I,293,32
5,2017-03-06,6,O,865,42
5,2017-03-06,7,I,390,48
5,2017-03-06,7,O,1431,100
5,2017-03-06,8,I,392,54
5,2017-03-06,8,O,1163,78
5,2017-03-06,9,I,348,27
5,2017-03-06,9,O,676,60
5,2017-03-06,10,I,331,27
5,2017-03-06,10,O,483,46
5,2017-03-06,11,I,311,43
5,2017-03-06,11,O,438,44
5,2017-03-06,12,I,344,39
5,2017-03-06,12,O,407,39
5,2017-03-06,13,I,390,42
5,2017-03-06,13,O,397,38
5,2017-03-06,14,I,502,48
5,2017-03-06,14,O,416,48
5,2017-03-06,15,I,740,62
5,2017-03-06,15,O,583,79
5,2017-03-06,16,I,995,67
5,2017-03-06,16,O,523,65
5,2017-03-06,17,I,1171,78
5,2017-03-06,17,O,511,58
5,2017-03-06,18,I,931,57
5,2017-03-06,18,O,404,53
5,2017-03-06,19,I,691,39
5,2017-03-06,19,O,264,25
5,2017-03-06,20,I,467,35
5,2017-03-06,20,O,189,34
5,2017-03-06,21,I,384,36
5,2017-03-06,21,O,145,22
5,2017-03-06,22,I,4,1
5,2017-03-06,22,O,88,17
5,2017-03-06,23,I,0,0
5,2017-03-06,23,O,62,12
5,2017-03-05,0,I,170,27
5,2017-03-05,0,O,115,25
5,2017-03-05,1,I,119,19
5,2017-03-05,1,O,72,9
5,2017-03-05,2,I,64,11
5,2017-03-05,2,O,35,15
5,2017-03-05,3,I,43,6
5,2017-03-05,3,O,31,10
5,2017-03-05,4,I,36,6
5,2017-03-05,4,O,29,4
5,2017-03-05,5,I,27,8
5,2017-03-05,5,O,65,10
5,2017-03-05,6,I,74,12
5,2017-03-05,6,O,151,14
5,2017-03-05,7,I,100,17
5,2017-03-05,7,O,247,19
5,2017-03-05,8,I,146,20
5,2017-03-05,8,O,320,34
5,2017-03-05,9,I,223,35
5,2017-03-05,9,O,395,36
5,2017-03-05,10,I,281,26
5,2017-03-05,10,O,505,51
5,2017-03-05,11,I,361,39
5,2017-03-05,11,O,566,53
5,2017-03-05,12,I,432,54
5,2017-03-05,12,O,510,56
5,2017-03-05,13,I,558,60
5,2017-03-05,13,O,506,45
5,2017-03-05,14,I,572,65
5,2017-03-05,14,O,485,53
5,2017-03-05,15,I,541,56
5,2017-03-05,15,O,458,54
5,2017-03-05,16,I,599,70
5,2017-03-05,16,O,467,58
5,2017-03-05,17,I,510,56
5,2017-03-05,17,O,330,69
5,2017-03-05,18,I,492,55
5,2017-03-05,18,O,352,46
5,2017-03-05,19,I,593,79
5,2017-03-05,19,O,263,38
5,2017-03-05,20,I,321,37
5,2017-03-05,20,O,188,39
5,2017-03-05,21,I,264,34
5,2017-03-05,21,O,137,37
5,2017-03-05,22,I,158,21
5,2017-03-05,22,O,96,21
5,2017-03-05,23,I,82,19
5,2017-03-05,23,O,76,20
5,2017-03-04,0,I,139,16
5,2017-03-04,0,O,68,15
5,2017-03-04,1,I,76,13
5,2017-03-04,1,O,35,12
5,2017-03-04,2,I,52,7
5,2017-03-04,2,O,32,13
5,2017-03-04,3,I,27,11
5,2017-03-04,3,O,23,7
5,2017-03-04,4,I,32,6
5,2017-03-04,4,O,42,2
5,2017-03-04,5,I,47,11
5,2017-03-04,5,O,128,11
5,2017-03-04,6,I,110,13
5,2017-03-04,6,O,204,24
5,2017-03-04,7,I,184,36
5,2017-03-04,7,O,326,48
5,2017-03-04,8,I,244,48
5,2017-03-04,8,O,415,41
5,2017-03-04,9,I,301,28
5,2017-03-04,9,O,474,36
5,2017-03-04,10,I,467,57
5,2017-03-04,10,O,473,66
5,2017-03-04,11,I,650,79
5,2017-03-04,11,O,499,36
5,2017-03-04,12,I,680,107
5,2017-03-04,12,O,478,61
5,2017-03-04,13,I,512,63
5,2017-03-04,13,O,455,51
5,2017-03-04,14,I,492,56
5,2017-03-04,14,O,448,80
5,2017-03-04,15,I,533,60
5,2017-03-04,15,O,507,87
5,2017-03-04,16,I,449,61
5,2017-03-04,16,O,493,65
5,2017-03-04,17,I,452,47
5,2017-03-04,17,O,440,65
5,2017-03-04,18,I,408,62
5,2017-03-04,18,O,439,67
5,2017-03-04,19,I,377,70
5,2017-03-04,19,O,368,51
5,2017-03-04,20,I,312,44
5,2017-03-04,20,O,316,65
5,2017-03-04,21,I,293,45
5,2017-03-04,21,O,230,48
5,2017-03-04,22,I,251,35
5,2017-03-04,22,O,215,51
5,2017-03-04,23,I,219,34
5,2017-03-04,23,O,171,43
5,2017-03-03,0,I,0,0
5,2017-03-03,0,O,30,6
5,2017-03-03,1,I,0,0
5,2017-03-03,1,O,20,10
5,2017-03-03,2,I,0,0
5,2017-03-03,2,O,20,3
5,2017-03-03,3,I,0,0
5,2017-03-03,3,O,16,3
5,2017-03-03,4,I,0,0
5,2017-03-03,4,O,47,5
5,2017-03-03,5,I,118,12
5,2017-03-03,5,O,342,22
5,2017-03-03,6,I,352,43
5,2017-03-03,6,O,908,38
5,2017-03-03,7,I,323,43
5,2017-03-03,7,O,1439,77
5,2017-03-03,8,I,374,55
5,2017-03-03,8,O,941,80
5,2017-03-03,9,I,417,58
5,2017-03-03,9,O,622,49
5,2017-03-03,10,I,370,44
5,2017-03-03,10,O,542,49
5,2017-03-03,11,I,355,35
5,2017-03-03,11,O,466,65
5,2017-03-03,12,I,403,39
5,2017-03-03,12,O,532,59
5,2017-03-03,13,I,490,41
5,2017-03-03,13,O,556,50
5,2017-03-03,14,I,857,70
5,2017-03-03,14,O,593,65
5,2017-03-03,15,I,1152,89
5,2017-03-03,15,O,668,89
5,2017-03-03,16,I,1019,80
5,2017-03-03,16,O,559,91
5,2017-03-03,17,I,913,82
5,2017-03-03,17,O,496,68
5,2017-03-03,18,I,745,60
5,2017-03-03,18,O,485,54
5,2017-03-03,19,I,567,58
5,2017-03-03,19,O,344,34
5,2017-03-03,20,I,481,36
5,2017-03-03,20,O,224,34
5,2017-03-03,21,I,428,30
5,2017-03-03,21,O,167,38
5,2017-03-03,22,I,285,32
5,2017-03-03,22,O,141,33
5,2017-03-03,23,I,187,20
5,2017-03-03,23,O,96,28
5,2017-03-02,0,I,39,10
5,2017-03-02,0,O,27,10
5,2017-03-02,1,I,18,4
5,2017-03-02,1,O,23,9
5,2017-03-02,2,I,14,1
5,2017-03-02,2,O,29,5
5,2017-03-02,3,I,14,3
5,2017-03-02,3,O,18,1
5,2017-03-02,4,I,20,3
5,2017-03-02,4,O,71,7
5,2017-03-02,5,I,106,15
5,2017-03-02,5,O,335,19
5,2017-03-02,6,I,302,36
5,2017-03-02,6,O,965,36
5,2017-03-02,7,I,404,56
5,2017-03-02,7,O,1398,57
5,2017-03-02,8,I,378,55
5,2017-03-02,8,O,1123,83
5,2017-03-02,9,I,343,55
5,2017-03-02,9,O,629,51
5,2017-03-02,10,I,303,29
5,2017-03-02,10,O,538,45
5,2017-03-02,11,I,293,26
5,2017-03-02,11,O,434,44
5,2017-03-02,12,I,336,39
5,2017-03-02,12,O,418,54
5,2017-03-02,13,I,396,41
5,2017-03-02,13,O,394,41
5,2017-03-02,14,I,632,57
5,2017-03-02,14,O,503,52
5,2017-03-02,15,I,888,73
5,2017-03-02,15,O,603,77
5,2017-03-02,16,I,961,91
5,2017-03-02,16,O,543,64
5,2017-03-02,17,I,1092,77
5,2017-03-02,17,O,497,74
5,2017-03-02,18,I,992,80
5,2017-03-02,18,O,400,58
5,2017-03-02,19,I,757,54
5,2017-03-02,19,O,297,43
5,2017-03-02,20,I,611,49
5,2017-03-02,20,O,221,29
5,2017-03-02,21,I,422,29
5,2017-03-02,21,O,186,32
5,2017-03-02,22,I,0,0
5,2017-03-02,22,O,93,22
5,2017-03-02,23,I,0,0
5,2017-03-02,23,O,59,15
5,2017-03-01,0,I,0,0
5,2017-03-01,0,O,19,4
5,2017-03-01,1,I,0,0
5,2017-03-01,1,O,21,3
5,2017-03-01,2,I,0,0
5,2017-03-01,2,O,22,0
5,2017-03-01,3,I,8,0
5,2017-03-01,3,O,28,3
5,2017-03-01,4,I,16,2
5,2017-03-01,4,O,59,4
5,2017-03-01,5,I,91,13
5,2017-03-01,5,O,326,25
5,2017-03-01,6,I,320,31
5,2017-03-01,6,O,920,42
5,2017-03-01,7,I,387,55
5,2017-03-01,7,O,1480,78
5,2017-03-01,8,I,399,58
5,2017-03-01,8,O,1084,85
5,2017-03-01,9,I,328,36
5,2017-03-01,9,O,637,41
5,2017-03-01,10,I,304,42
5,2017-03-01,10,O,504,36
5,2017-03-01,11,I,299,41
5,2017-03-01,11,O,443,40
5,2017-03-01,12,I,383,37
5,2017-03-01,12,O,410,46
5,2017-03-01,13,I,382,37
5,2017-03-01,13,O,456,43
5,2017-03-01,14,I,605,39
5,2017-03-01,14,O,479,50
5,2017-03-01,15,I,946,73
5,2017-03-01,15,O,583,62
5,2017-03-01,16,I,954,64
5,2017-03-01,16,O,549,58
5,2017-03-01,17,I,1000,64
5,2017-03-01,17,O,509,73
5,2017-03-01,18,I,926,63
5,2017-03-01,18,O,413,48
5,2017-03-01,19,I,646,43
5,2017-03-01,19,O,287,38
5,2017-03-01,20,I,483,40
5,2017-03-01,20,O,200,34
5,2017-03-01,21,I,403,26
5,2017-03-01,21,O,142,27
5,2017-03-01,22,I,126,18
5,2017-03-01,22,O,99,23
5,2017-03-01,23,I,58,12
5,2017-03-01,23,O,67,23
5,2017-02-28,0,I,0,0
5,2017-02-28,0,O,20,0
5,2017-02-28,1,I,0,0
5,2017-02-28,1,O,17,2
5,2017-02-28,2,I,0,0
5,2017-02-28,2,O,11,2
5,2017-02-28,3,I,0,0
5,2017-02-28,3,O,17,6
5,2017-02-28,4,I,14,1
5,2017-02-28,4,O,68,3
5,2017-02-28,5,I,94,12
5,2017-02-28,5,O,346,29
5,2017-02-28,6,I,308,34
5,2017-02-28,6,O,986,53
5,2017-02-28,7,I,382,47
5,2017-02-28,7,O,1466,90
5,2017-02-28,8,I,392,60
5,2017-02-28,8,O,1010,85
5,2017-02-28,9,I,318,49
5,2017-02-28,9,O,701,39
5,2017-02-28,10,I,283,43
5,2017-02-28,10,O,511,47
5,2017-02-28,11,I,325,42
5,2017-02-28,11,O,422,57
5,2017-02-28,12,I,341,55
5,2017-02-28,12,O,424,42
5,2017-02-28,13,I,407,34
5,2017-02-28,13,O,437,46
5,2017-02-28,14,I,502,41
5,2017-02-28,14,O,522,53
5,2017-02-28,15,I,859,73
5,2017-02-28,15,O,619,68
5,2017-02-28,16,I,1024,68
5,2017-02-28,16,O,505,80
5,2017-02-28,17,I,1012,80
5,2017-02-28,17,O,493,78
5,2017-02-28,18,I,906,55
5,2017-02-28,18,O,370,48
5,2017-02-28,19,I,599,42
5,2017-02-28,19,O,276,28
5,2017-02-28,20,I,475,39
5,2017-02-28,20,O,186,28
5,2017-02-28,21,I,401,25
5,2017-02-28,21,O,142,24
5,2017-02-28,22,I,6,1
5,2017-02-28,22,O,92,11
5,2017-02-28,23,I,0,0
5,2017-02-28,23,O,57,12
5,2017-02-27,0,I,58,12
5,2017-02-27,0,O,39,8
5,2017-02-27,1,I,29,6
5,2017-02-27,1,O,24,6
5,2017-02-27,2,I,16,5
5,2017-02-27,2,O,16,6
5,2017-02-27,3,I,21,1
5,2017-02-27,3,O,21,2
5,2017-02-27,4,I,34,4
5,2017-02-27,4,O,70,5
5,2017-02-27,5,I,92,14
5,2017-02-27,5,O,311,15
5,2017-02-27,6,I,320,37
5,2017-02-27,6,O,943,48
5,2017-02-27,7,I,366,55
5,2017-02-27,7,O,1565,91
5,2017-02-27,8,I,385,54
5,2017-02-27,8,O,1088,77
5,2017-02-27,9,I,325,47
5,2017-02-27,9,O,602,45
5,2017-02-27,10,I,300,44
5,2017-02-27,10,O,476,46
5,2017-02-27,11,I,330,34
5,2017-02-27,11,O,413,40
5,2017-02-27,12,I,343,35
5,2017-02-27,12,O,397,41
5,2017-02-27,13,I,430,35
5,2017-02-27,13,O,416,35
5,2017-02-27,14,I,469,60
5,2017-02-27,14,O,446,46
5,2017-02-27,15,I,826,72
5,2017-02-27,15,O,585,82
5,2017-02-27,16,I,1052,65
5,2017-02-27,16,O,511,57
5,2017-02-27,17,I,974,72
5,2017-02-27,17,O,495,57
5,2017-02-27,18,I,864,55
5,2017-02-27,18,O,396,49
5,2017-02-27,19,I,638,40
5,2017-02-27,19,O,242,32
5,2017-02-27,20,I,414,44
5,2017-02-27,20,O,204,30
5,2017-02-27,21,I,331,31
5,2017-02-27,21,O,146,21
5,2017-02-27,22,I,2,2
5,2017-02-27,22,O,87,18
5,2017-02-27,23,I,0,0
5,2017-02-27,23,O,60,21
5,2017-02-26,0,I,134,26
5,2017-02-26,0,O,68,22
5,2017-02-26,1,I,81,8
5,2017-02-26,1,O,45,22
5,2017-02-26,2,I,60,13
5,2017-02-26,2,O,30,6
5,2017-02-26,3,I,38,12
5,2017-02-26,3,O,25,12
5,2017-02-26,4,I,35,7
5,2017-02-26,4,O,20,3
5,2017-02-26,5,I,34,8
5,2017-02-26,5,O,68,6
5,2017-02-26,6,I,65,23
5,2017-02-26,6,O,148,12
5,2017-02-26,7,I,119,15
5,2017-02-26,7,O,246,28
5,2017-02-26,8,I,150,22
5,2017-02-26,8,O,300,28
5,2017-02-26,9,I,205,28
5,2017-02-26,9,O,433,31
5,2017-02-26,10,I,295,20
5,2017-02-26,10,O,428,37
5,2017-02-26,11,I,340,43
5,2017-02-26,11,O,452,46
5,2017-02-26,12,I,410,38
5,2017-02-26,12,O,482,49
5,2017-02-26,13,I,500,80
5,2017-02-26,13,O,503,58
5,2017-02-26,14,I,616,70
5,2017-02-26,14,O,437,45
5,2017-02-26,15,I,703,99
5,2017-02-26,15,O,422,65
5,2017-02-26,16,I,693,91
5,2017-02-26,16,O,459,69
5,2017-02-26,17,I,603,73
5,2017-02-26,17,O,346,48
5,2017-02-26,18,I,470,62
5,2017-02-26,18,O,299,65
5,2017-02-26,19,I,430,42
5,2017-02-26,19,O,259,42
5,2017-02-26,20,I,326,38
5,2017-02-26,20,O,194,36
5,2017-02-26,21,I,253,31
5,2017-02-26,21,O,152,38
5,2017-02-26,22,I,146,31
5,2017-02-26,22,O,97,31
5,2017-02-26,23,I,108,16
5,2017-02-26,23,O,78,20
5,2017-02-25,0,I,0,0
5,2017-02-25,0,O,38,13
5,2017-02-25,1,I,0,0
5,2017-02-25,1,O,19,4
5,2017-02-25,2,I,0,0
5,2017-02-25,2,O,11,1
5,2017-02-25,3,I,0,0
5,2017-02-25,3,O,12,3
5,2017-02-25,4,I,8,0
5,2017-02-25,4,O,41,5
5,2017-02-25,5,I,56,8
5,2017-02-25,5,O,112,14
5,2017-02-25,6,I,105,24
5,2017-02-25,6,O,207,15
5,2017-02-25,7,I,172,21
5,2017-02-25,7,O,324,31
5,2017-02-25,8,I,218,42
5,2017-02-25,8,O,377,33
5,2017-02-25,9,I,256,39
5,2017-02-25,9,O,437,40
5,2017-02-25,10,I,331,31
5,2017-02-25,10,O,486,39
5,2017-02-25,11,I,412,48
5,2017-02-25,11,O,488,47
5,2017-02-25,12,I,416,71
5,2017-02-25,12,O,478,49
5,2017-02-25,13,I,474,56
5,2017-02-25,13,O,465,69
5,2017-02-25,14,I,527,58
5,2017-02-25,14,O,435,78
5,2017-02-25,15,I,736,85
5,2017-02-25,15,O,441,70
5,2017-02-25,16,I,739,138
5,2017-02-25,16,O,458,71
5,2017-02-25,17,I,639,95
5,2017-02-25,17,O,390,61
5,2017-02-25,18,I,434,62
5,2017-02-25,18,O,336,54
5,2017-02-25,19,I,380,60
5,2017-02-25,19,O,275,43
5,2017-02-25,20,I,352,43
5,2017-02-25,20,O,236,41
5,2017-02-25,21,I,278,32
5,2017-02-25,21,O,197,31
5,2017-02-25,22,I,215,29
5,2017-02-25,22,O,151,37
5,2017-02-25,23,I,197,34
5,2017-02-25,23,O,121,28
5,2017-02-24,0,I,0,0
5,2017-02-24,0,O,26,14
5,2017-02-24,1,I,0,0
5,2017-02-24,1,O,10,3
5,2017-02-24,2,I,0,0
5,2017-02-24,2,O,13,2
5,2017-02-24,3,I,0,0
5,2017-02-24,3,O,28,1
5,2017-02-24,4,I,19,3
5,2017-02-24,4,O,56,2
5,2017-02-24,5,I,102,14
5,2017-02-24,5,O,283,24
5,2017-02-24,6,I,263,29
5,2017-02-24,6,O,582,46
5,2017-02-24,7,I,294,64
5,2017-02-24,7,O,852,70
5,2017-02-24,8,I,342,56
5,2017-02-24,8,O,768,52
5,2017-02-24,9,I,347,41
5,2017-02-24,9,O,636,48
5,2017-02-24,10,I,347,54
5,2017-02-24,10,O,524,48
5,2017-02-24,11,I,418,47
5,2017-02-24,11,O,503,56
5,2017-02-24,12,I,474,51
5,2017-02-24,12,O,473,53
5,2017-02-24,13,I,550,72
5,2017-02-24,13,O,565,54
5,2017-02-24,14,I,646,63
5,2017-02-24,14,O,525,55
5,2017-02-24,15,I,880,103
5,2017-02-24,15,O,581,94
5,2017-02-24,16,I,916,89
5,2017-02-24,16,O,517,71
5,2017-02-24,17,I,790,70
5,2017-02-24,17,O,439,81
5,2017-02-24,18,I,683,81
5,2017-02-24,18,O,364,45
5,2017-02-24,19,I,607,86
5,2017-02-24,19,O,291,45
5,2017-02-24,20,I,363,39
5,2017-02-24,20,O,214,33
5,2017-02-24,21,I,345,36
5,2017-02-24,21,O,195,39
5,2017-02-24,22,I,0,0
5,2017-02-24,22,O,111,27
5,2017-02-24,23,I,0,0
5,2017-02-24,23,O,81,17
5,2017-02-23,0,I,0,0
5,2017-02-23,0,O,23,6
5,2017-02-23,1,I,0,0
5,2017-02-23,1,O,16,3
5,2017-02-23,2,I,0,0
5,2017-02-23,2,O,11,2
5,2017-02-23,3,I,0,0
5,2017-02-23,3,O,11,2
5,2017-02-23,4,I,0,0
5,2017-02-23,4,O,64,3
5,2017-02-23,5,I,92,12
5,2017-02-23,5,O,306,16
5,2017-02-23,6,I,291,37
5,2017-02-23,6,O,603,36
5,2017-02-23,7,I,283,48
5,2017-02-23,7,O,886,60
5,2017-02-23,8,I,334,53
5,2017-02-23,8,O,806,81
5,2017-02-23,9,I,351,43
5,2017-02-23,9,O,709,58
5,2017-02-23,10,I,317,34
5,2017-02-23,10,O,556,46
5,2017-02-23,11,I,304,39
5,2017-02-23,11,O,527,49
5,2017-02-23,12,I,386,32
5,2017-02-23,12,O,510,49
5,2017-02-23,13,I,431,45
5,2017-02-23,13,O,503,62
5,2017-02-23,14,I,504,59
5,2017-02-23,14,O,563,50
5,2017-02-23,15,I,622,75
5,2017-02-23,15,O,567,86
5,2017-02-23,16,I,852,75
5,2017-02-23,16,O,544,59
5,2017-02-23,17,I,823,71
5,2017-02-23,17,O,497,81
5,2017-02-23,18,I,787,53
5,2017-02-23,18,O,392,40
5,2017-02-23,19,I,661,48
5,2017-02-23,19,O,279,34
5,2017-02-23,20,I,495,41
5,2017-02-23,20,O,214,13
5,2017-02-23,21,I,430,40
5,2017-02-23,21,O,187,19
5,2017-02-23,22,I,1,0
5,2017-02-23,22,O,90,12
5,2017-02-23,23,I,0,0
5,2017-02-23,23,O,43,5
5,2017-02-22,0,I,38,12
5,2017-02-22,0,O,27,8
5,2017-02-22,1,I,18,4
5,2017-02-22,1,O,16,3
5,2017-02-22,2,I,12,2
5,2017-02-22,2,O,13,4
5,2017-02-22,3,I,7,3
5,2017-02-22,3,O,18,4
5,2017-02-22,4,I,25,4
5,2017-02-22,4,O,49,2
5,2017-02-22,5,I,89,10
5,2017-02-22,5,O,313,22
5,2017-02-22,6,I,262,36
5,2017-02-22,6,O,637,43
5,2017-02-22,7,I,294,52
5,2017-02-22,7,O,876,58
5,2017-02-22,8,I,324,50
5,2017-02-22,8,O,892,62
5,2017-02-22,9,I,327,35
5,2017-02-22,9,O,648,41
5,2017-02-22,10,I,337,43
5,2017-02-22,10,O,550,41
5,2017-02-22,11,I,360,42
5,2017-02-22,11,O,513,49
5,2017-02-22,12,I,354,25
5,2017-02-22,12,O,492,42
5,2017-02-22,13,I,422,46
5,2017-02-22,13,O,415,36
5,2017-02-22,14,I,477,67
5,2017-02-22,14,O,496,57
5,2017-02-22,15,I,658,52
5,2017-02-22,15,O,518,75
5,2017-02-22,16,I,885,70
5,2017-02-22,16,O,491,57
5,2017-02-22,17,I,846,55
5,2017-02-22,17,O,514,66
5,2017-02-22,18,I,813,64
5,2017-02-22,18,O,389,42
5,2017-02-22,19,I,597,53
5,2017-02-22,19,O,254,46
5,2017-02-22,20,I,437,37
5,2017-02-22,20,O,214,27
5,2017-02-22,21,I,349,26
5,2017-02-22,21,O,162,32
5,2017-02-22,22,I,7,0
5,2017-02-22,22,O,80,17
5,2017-02-22,23,I,0,0
5,2017-02-22,23,O,54,10
5,2017-02-21,0,I,61,17
5,2017-02-21,0,O,34,7
5,2017-02-21,1,I,38,0
5,2017-02-21,1,O,13,4
5,2017-02-21,2,I,15,6
5,2017-02-21,2,O,14,4
5,2017-02-21,3,I,26,5
5,2017-02-21,3,O,15,4
5,2017-02-21,4,I,21,2
5,2017-02-21,4,O,71,3
5,2017-02-21,5,I,89,23
5,2017-02-21,5,O,288,20
5,2017-02-21,6,I,261,31
5,2017-02-21,6,O,690,35
5,2017-02-21,7,I,305,44
5,2017-02-21,7,O,896,58
5,2017-02-21,8,I,358,55
5,2017-02-21,8,O,900,63
5,2017-02-21,9,I,340,44
5,2017-02-21,9,O,699,37
5,2017-02-21,10,I,327,41
5,2017-02-21,10,O,549,31
5,2017-02-21,11,I,348,26
5,2017-02-21,11,O,489,53
5,2017-02-21,12,I,328,27
5,2017-02-21,12,O,443,50
5,2017-02-21,13,I,429,42
5,2017-02-21,13,O,464,47
5,2017-02-21,14,I,496,58
5,2017-02-21,14,O,480,62
5,2017-02-21,15,I,686,75
5,2017-02-21,15,O,504,64
5,2017-02-21,16,I,766,60
5,2017-02-21,16,O,498,69
5,2017-02-21,17,I,858,68
5,2017-02-21,17,O,425,71
5,2017-02-21,18,I,843,54
5,2017-02-21,18,O,395,66
5,2017-02-21,19,I,568,48
5,2017-02-21,19,O,245,36
5,2017-02-21,20,I,408,34
5,2017-02-21,20,O,164,29
5,2017-02-21,21,I,353,32
5,2017-02-21,21,O,162,23
5,2017-02-21,22,I,113,14
5,2017-02-21,22,O,89,21
5,2017-02-21,23,I,60,12
5,2017-02-21,23,O,61,15
5,2017-02-20,0,I,100,27
5,2017-02-20,0,O,53,22
5,2017-02-20,1,I,46,7
5,2017-02-20,1,O,28,11
5,2017-02-20,2,I,28,4
5,2017-02-20,2,O,14,9
5,2017-02-20,3,I,20,9
5,2017-02-20,3,O,21,7
5,2017-02-20,4,I,32,7
5,2017-02-20,4,O,34,5
5,2017-02-20,5,I,50,13
5,2017-02-20,5,O,141,9
5,2017-02-20,6,I,169,31
5,2017-02-20,6,O,287,28
5,2017-02-20,7,I,223,39
5,2017-02-20,7,O,481,37
5,2017-02-20,8,I,265,36
5,2017-02-20,8,O,500,54
5,2017-02-20,9,I,305,37
5,2017-02-20,9,O,533,41
5,2017-02-20,10,I,317,31
5,2017-02-20,10,O,551,45
5,2017-02-20,11,I,332,43
5,2017-02-20,11,O,540,41
5,2017-02-20,12,I,418,37
5,2017-02-20,12,O,516,43
5,2017-02-20,13,I,434,48
5,2017-02-20,13,O,517,59
5,2017-02-20,14,I,494,58
5,2017-02-20,14,O,492,56
5,2017-02-20,15,I,586,74
5,2017-02-20,15,O,525,80
5,2017-02-20,16,I,678,60
5,2017-02-20,16,O,464,89
5,2017-02-20,17,I,658,77
5,2017-02-20,17,O,455,62
5,2017-02-20,18,I,649,50
5,2017-02-20,18,O,369,46
5,2017-02-20,19,I,448,41
5,2017-02-20,19,O,278,49
5,2017-02-20,20,I,371,41
5,2017-02-20,20,O,202,30
5,2017-02-20,21,I,273,37
5,2017-02-20,21,O,148,28
5,2017-02-20,22,I,190,21
5,2017-02-20,22,O,100,30
5,2017-02-20,23,I,133,17
5,2017-02-20,23,O,73,9
5,2017-02-19,0,I,194,24
5,2017-02-19,0,O,95,24
5,2017-02-19,1,I,104,19
5,2017-02-19,1,O,50,12
5,2017-02-19,2,I,68,13
5,2017-02-19,2,O,36,5
5,2017-02-19,3,I,44,11
5,2017-02-19,3,O,21,10
5,2017-02-19,4,I,44,11
5,2017-02-19,4,O,28,7
5,2017-02-19,5,I,36,5
5,2017-02-19,5,O,66,3
5,2017-02-19,6,I,79,13
5,2017-02-19,6,O,132,14
5,2017-02-19,7,I,104,20
5,2017-02-19,7,O,201,12
5,2017-02-19,8,I,151,27
5,2017-02-19,8,O,281,32
5,2017-02-19,9,I,206,34
5,2017-02-19,9,O,365,34
5,2017-02-19,10,I,273,30
5,2017-02-19,10,O,462,48
5,2017-02-19,11,I,400,50
5,2017-02-19,11,O,498,48
5,2017-02-19,12,I,517,69
5,2017-02-19,12,O,505,53
5,2017-02-19,13,I,620,84
5,2017-02-19,13,O,501,67
5,2017-02-19,14,I,632,91
5,2017-02-19,14,O,489,58
5,2017-02-19,15,I,608,72
5,2017-02-19,15,O,478,78
5,2017-02-19,16,I,580,91
5,2017-02-19,16,O,526,88
5,2017-02-19,17,I,494,64
5,2017-02-19,17,O,462,77
5,2017-02-19,18,I,380,56
5,2017-02-19,18,O,389,56
5,2017-02-19,19,I,375,42
5,2017-02-19,19,O,326,52
5,2017-02-19,20,I,354,43
5,2017-02-19,20,O,220,45
5,2017-02-19,21,I,274,36
5,2017-02-19,21,O,162,32
5,2017-02-19,22,I,218,24
5,2017-02-19,22,O,135,29
5,2017-02-19,23,I,158,21
5,2017-02-19,23,O,118,29
5,2017-02-18,0,I,150,13
5,2017-02-18,0,O,60,15
5,2017-02-18,1,I,89,17
5,2017-02-18,1,O,44,13
5,2017-02-18,2,I,56,11
5,2017-02-18,2,O,24,8
5,2017-02-18,3,I,37,9
5,2017-02-18,3,O,21,7
5,2017-02-18,4,I,28,13
5,2017-02-18,4,O,42,5
5,2017-02-18,5,I,49,8
5,2017-02-18,5,O,103,11
5,2017-02-18,6,I,118,21
5,2017-02-18,6,O,212,21
5,2017-02-18,7,I,165,31
5,2017-02-18,7,O,319,26
5,2017-02-18,8,I,209,37
5,2017-02-18,8,O,401,36
5,2017-02-18,9,I,286,35
5,2017-02-18,9,O,513,33
5,2017-02-18,10,I,298,40
5,2017-02-18,10,O,509,38
5,2017-02-18,11,I,368,56
5,2017-02-18,11,O,528,53
5,2017-02-18,12,I,487,58
5,2017-02-18,12,O,474,61
5,2017-02-18,13,I,494,61
5,2017-02-18,13,O,477,54
5,2017-02-18,14,I,488,60
5,2017-02-18,14,O,449,64
5,2017-02-18,15,I,608,73
5,2017-02-18,15,O,526,65
5,2017-02-18,16,I,506,73
5,2017-02-18,16,O,422,71
5,2017-02-18,17,I,506,67
5,2017-02-18,17,O,453,62
5,2017-02-18,18,I,431,57
5,2017-02-18,18,O,436,64
5,2017-02-18,19,I,358,49
5,2017-02-18,19,O,340,57
5,2017-02-18,20,I,348,53
5,2017-02-18,20,O,281,45
5,2017-02-18,21,I,281,33
5,2017-02-18,21,O,188,28
5,2017-02-18,22,I,245,20
5,2017-02-18,22,O,164,39
5,2017-02-18,23,I,232,33
5,2017-02-18,23,O,139,38
5,2017-02-17,0,I,107,13
5,2017-02-17,0,O,48,10
5,2017-02-17,1,I,62,8
5,2017-02-17,1,O,30,5
5,2017-02-17,2,I,37,6
5,2017-02-17,2,O,18,4
5,2017-02-17,3,I,25,8
5,2017-02-17,3,O,27,3
5,2017-02-17,4,I,45,9
5,2017-02-17,4,O,67,3
5,2017-02-17,5,I,94,11
5,2017-02-17,5,O,289,20
5,2017-02-17,6,I,305,37
5,2017-02-17,6,O,871,42
5,2017-02-17,7,I,421,52
5,2017-02-17,7,O,1474,84
5,2017-02-17,8,I,416,61
5,2017-02-17,8,O,883,61
5,2017-02-17,9,I,332,38
5,2017-02-17,9,O,611,51
5,2017-02-17,10,I,330,35
5,2017-02-17,10,O,458,45
5,2017-02-17,11,I,312,34
5,2017-02-17,11,O,425,39
5,2017-02-17,12,I,392,47
5,2017-02-17,12,O,542,64
5,2017-02-17,13,I,463,52
5,2017-02-17,13,O,552,50
5,2017-02-17,14,I,747,56
5,2017-02-17,14,O,592,75
5,2017-02-17,15,I,1120,80
5,2017-02-17,15,O,595,69
5,2017-02-17,16,I,965,68
5,2017-02-17,16,O,558,90
5,2017-02-17,17,I,855,79
5,2017-02-17,17,O,512,72
5,2017-02-17,18,I,710,65
5,2017-02-17,18,O,441,62
5,2017-02-17,19,I,517,60
5,2017-02-17,19,O,321,48
5,2017-02-17,20,I,434,43
5,2017-02-17,20,O,212,47
5,2017-02-17,21,I,335,37
5,2017-02-17,21,O,194,33
5,2017-02-17,22,I,271,30
5,2017-02-17,22,O,138,32
5,2017-02-17,23,I,211,32
5,2017-02-17,23,O,122,27
5,2017-02-16,0,I,94,12
5,2017-02-16,0,O,40,9
5,2017-02-16,1,I,41,3
5,2017-02-16,1,O,36,4
5,2017-02-16,2,I,34,7
5,2017-02-16,2,O,16,6
5,2017-02-16,3,I,20,7
5,2017-02-16,3,O,21,2
5,2017-02-16,4,I,21,6
5,2017-02-16,4,O,58,3
5,2017-02-16,5,I,86,14
5,2017-02-16,5,O,342,16
5,2017-02-16,6,I,294,30
5,2017-02-16,6,O,935,41
5,2017-02-16,7,I,401,54
5,2017-02-16,7,O,1570,85
5,2017-02-16,8,I,375,54
5,2017-02-16,8,O,984,75
5,2017-02-16,9,I,333,38
5,2017-02-16,9,O,687,49
5,2017-02-16,10,I,315,40
5,2017-02-16,10,O,499,35
5,2017-02-16,11,I,327,35
5,2017-02-16,11,O,439,42
5,2017-02-16,12,I,351,38
5,2017-02-16,12,O,468,50
5,2017-02-16,13,I,406,40
5,2017-02-16,13,O,457,37
5,2017-02-16,14,I,653,41
5,2017-02-16,14,O,494,44
5,2017-02-16,15,I,901,71
5,2017-02-16,15,O,572,77
5,2017-02-16,16,I,980,64
5,2017-02-16,16,O,540,52
5,2017-02-16,17,I,1044,82
5,2017-02-16,17,O,519,50
5,2017-02-16,18,I,906,48
5,2017-02-16,18,O,402,56
5,2017-02-16,19,I,653,40
5,2017-02-16,19,O,302,28
5,2017-02-16,20,I,495,43
5,2017-02-16,20,O,217,21
5,2017-02-16,21,I,383,24
5,2017-02-16,21,O,160,27
5,2017-02-16,22,I,275,23
5,2017-02-16,22,O,112,16
5,2017-02-16,23,I,185,26
5,2017-02-16,23,O,82,26
5,2017-02-15,0,I,101,13
5,2017-02-15,0,O,35,5
5,2017-02-15,1,I,45,11
5,2017-02-15,1,O,21,7
5,2017-02-15,2,I,34,5
5,2017-02-15,2,O,17,3
5,2017-02-15,3,I,19,6
5,2017-02-15,3,O,18,8
5,2017-02-15,4,I,39,3
5,2017-02-15,4,O,65,7
5,2017-02-15,5,I,80,10
5,2017-02-15,5,O,329,16
5,2017-02-15,6,I,315,39
5,2017-02-15,6,O,964,52
5,2017-02-15,7,I,430,40
5,2017-02-15,7,O,1585,69
5,2017-02-15,8,I,411,55
5,2017-02-15,8,O,976,66
5,2017-02-15,9,I,347,46
5,2017-02-15,9,O,603,43
5,2017-02-15,10,I,281,30
5,2017-02-15,10,O,487,49
5,2017-02-15,11,I,308,33
5,2017-02-15,11,O,465,45
5,2017-02-15,12,I,354,37
5,2017-02-15,12,O,446,48
5,2017-02-15,13,I,366,43
5,2017-02-15,13,O,455,43
5,2017-02-15,14,I,619,50
5,2017-02-15,14,O,478,70
5,2017-02-15,15,I,897,65
5,2017-02-15,15,O,613,59
5,2017-02-15,16,I,994,85
5,2017-02-15,16,O,568,73
5,2017-02-15,17,I,1051,69
5,2017-02-15,17,O,597,80
5,2017-02-15,18,I,955,69
5,2017-02-15,18,O,465,54
5,2017-02-15,19,I,699,44
5,2017-02-15,19,O,309,36
5,2017-02-15,20,I,510,38
5,2017-02-15,20,O,189,35
5,2017-02-15,21,I,374,19
5,2017-02-15,21,O,154,26
5,2017-02-15,22,I,270,27
5,2017-02-15,22,O,103,21
5,2017-02-15,23,I,166,15
5,2017-02-15,23,O,82,16
5,2017-02-14,0,I,69,4
5,2017-02-14,0,O,38,7
5,2017-02-14,1,I,41,3
5,2017-02-14,1,O,25,3
5,2017-02-14,2,I,23,5
5,2017-02-14,2,O,17,4
5,2017-02-14,3,I,20,4
5,2017-02-14,3,O,20,2
5,2017-02-14,4,I,34,5
5,2017-02-14,4,O,54,5
5,2017-02-14,5,I,96,13
5,2017-02-14,5,O,348,12
5,2017-02-14,6,I,315,24
5,2017-02-14,6,O,963,47
5,2017-02-14,7,I,393,59
5,2017-02-14,7,O,1555,87
5,2017-02-14,8,I,365,66
5,2017-02-14,8,O,1019,89
5,2017-02-14,9,I,383,51
5,2017-02-14,9,O,642,55
5,2017-02-14,10,I,336,35
5,2017-02-14,10,O,471,43
5,2017-02-14,11,I,292,34
5,2017-02-14,11,O,473,43
5,2017-02-14,12,I,339,38
5,2017-02-14,12,O,466,40
5,2017-02-14,13,I,407,49
5,2017-02-14,13,O,466,53
5,2017-02-14,14,I,511,49
5,2017-02-14,14,O,507,41
5,2017-02-14,15,I,886,64
5,2017-02-14,15,O,607,70
5,2017-02-14,16,I,1153,89
5,2017-02-14,16,O,561,64
5,2017-02-14,17,I,1112,81
5,2017-02-14,17,O,537,57
5,2017-02-14,18,I,1019,70
5,2017-02-14,18,O,417,53
5,2017-02-14,19,I,682,51
5,2017-02-14,19,O,279,32
5,2017-02-14,20,I,509,43
5,2017-02-14,20,O,209,37
5,2017-02-14,21,I,333,36
5,2017-02-14,21,O,153,25
5,2017-02-14,22,I,285,23
5,2017-02-14,22,O,115,22
5,2017-02-14,23,I,173,24
5,2017-02-14,23,O,87,14
5,2017-02-13,0,I,52,14
5,2017-02-13,0,O,29,14
5,2017-02-13,1,I,33,2
5,2017-02-13,1,O,18,4
5,2017-02-13,2,I,22,5
5,2017-02-13,2,O,21,2
5,2017-02-13,3,I,23,5
5,2017-02-13,3,O,20,5
5,2017-02-13,4,I,26,6
5,2017-02-13,4,O,56,4
5,2017-02-13,5,I,79,17
5,2017-02-13,5,O,315,21
5,2017-02-13,6,I,283,39
5,2017-02-13,6,O,927,49
5,2017-02-13,7,I,390,50
5,2017-02-13,7,O,1547,77
5,2017-02-13,8,I,394,54
5,2017-02-13,8,O,954,62
5,2017-02-13,9,I,347,40
5,2017-02-13,9,O,631,44
5,2017-02-13,10,I,329,33
5,2017-02-13,10,O,481,42
5,2017-02-13,11,I,299,29
5,2017-02-13,11,O,415,49
5,2017-02-13,12,I,357,38
5,2017-02-13,12,O,387,42
5,2017-02-13,13,I,380,35
5,2017-02-13,13,O,399,33
5,2017-02-13,14,I,526,44
5,2017-02-13,14,O,487,52
5,2017-02-13,15,I,767,52
5,2017-02-13,15,O,567,61
5,2017-02-13,16,I,965,71
5,2017-02-13,16,O,523,63
5,2017-02-13,17,I,969,56
5,2017-02-13,17,O,435,55
5,2017-02-13,18,I,916,52
5,2017-02-13,18,O,379,44
5,2017-02-13,19,I,648,33
5,2017-02-13,19,O,252,26
5,2017-02-13,20,I,447,31
5,2017-02-13,20,O,180,31
5,2017-02-13,21,I,294,31
5,2017-02-13,21,O,131,22
5,2017-02-13,22,I,195,24
5,2017-02-13,22,O,91,21
5,2017-02-13,23,I,133,16
5,2017-02-13,23,O,74,18
5,2017-02-12,0,I,199,34
5,2017-02-12,0,O,96,24
5,2017-02-12,1,I,119,17
5,2017-02-12,1,O,52,14
5,2017-02-12,2,I,72,8
5,2017-02-12,2,O,31,5
5,2017-02-12,3,I,50,7
5,2017-02-12,3,O,27,10
5,2017-02-12,4,I,31,10
5,2017-02-12,4,O,29,10
5,2017-02-12,5,I,39,9
5,2017-02-12,5,O,68,5
5,2017-02-12,6,I,78,13
5,2017-02-12,6,O,158,18
5,2017-02-12,7,I,100,17
5,2017-02-12,7,O,233,18
5,2017-02-12,8,I,130,23
5,2017-02-12,8,O,248,32
5,2017-02-12,9,I,159,28
5,2017-02-12,9,O,359,42
5,2017-02-12,10,I,225,19
5,2017-02-12,10,O,396,50
5,2017-02-12,11,I,300,39
5,2017-02-12,11,O,429,39
5,2017-02-12,12,I,360,36
5,2017-02-12,12,O,439,36
5,2017-02-12,13,I,418,44
5,2017-02-12,13,O,441,44
5,2017-02-12,14,I,498,50
5,2017-02-12,14,O,364,35
5,2017-02-12,15,I,461,59
5,2017-02-12,15,O,419,52
5,2017-02-12,16,I,445,46
5,2017-02-12,16,O,350,45
5,2017-02-12,17,I,429,43
5,2017-02-12,17,O,315,45
5,2017-02-12,18,I,415,56
5,2017-02-12,18,O,330,37
5,2017-02-12,19,I,344,35
5,2017-02-12,19,O,210,49
5,2017-02-12,20,I,285,37
5,2017-02-12,20,O,143,33
5,2017-02-12,21,I,212,23
5,2017-02-12,21,O,119,35
5,2017-02-12,22,I,117,27
5,2017-02-12,22,O,109,19
5,2017-02-12,23,I,92,16
5,2017-02-12,23,O,80,19
5,2017-02-11,0,I,151,27
5,2017-02-11,0,O,63,27
5,2017-02-11,1,I,83,11
5,2017-02-11,1,O,34,13
5,2017-02-11,2,I,58,4
5,2017-02-11,2,O,25,5
5,2017-02-11,3,I,38,9
5,2017-02-11,3,O,23,3
5,2017-02-11,4,I,32,10
5,2017-02-11,4,O,36,4
5,2017-02-11,5,I,49,14
5,2017-02-11,5,O,126,12
5,2017-02-11,6,I,131,13
5,2017-02-11,6,O,217,15
5,2017-02-11,7,I,140,27
5,2017-02-11,7,O,323,21
5,2017-02-11,8,I,211,39
5,2017-02-11,8,O,404,32
5,2017-02-11,9,I,246,27
5,2017-02-11,9,O,455,36
5,2017-02-11,10,I,309,33
5,2017-02-11,10,O,461,34
5,2017-02-11,11,I,344,35
5,2017-02-11,11,O,490,45
5,2017-02-11,12,I,398,44
5,2017-02-11,12,O,465,43
5,2017-02-11,13,I,454,48
5,2017-02-11,13,O,487,54
5,2017-02-11,14,I,485,61
5,2017-02-11,14,O,451,56
5,2017-02-11,15,I,513,50
5,2017-02-11,15,O,440,69
5,2017-02-11,16,I,474,60
5,2017-02-11,16,O,406,49
5,2017-02-11,17,I,462,69
5,2017-02-11,17,O,445,57
5,2017-02-11,18,I,464,58
5,2017-02-11,18,O,404,59
5,2017-02-11,19,I,435,34
5,2017-02-11,19,O,315,47
5,2017-02-11,20,I,356,40
5,2017-02-11,20,O,271,33
5,2017-02-11,21,I,282,40
5,2017-02-11,21,O,191,37
5,2017-02-11,22,I,260,31
5,2017-02-11,22,O,185,32
5,2017-02-11,23,I,235,34
5,2017-02-11,23,O,172,34
5,2017-02-10,0,I,68,13
5,2017-02-10,0,O,20,6
5,2017-02-10,1,I,40,6
5,2017-02-10,1,O,23,3
5,2017-02-10,2,I,23,4
5,2017-02-10,2,O,13,4
5,2017-02-10,3,I,22,5
5,2017-02-10,3,O,18,2
5,2017-02-10,4,I,39,10
5,2017-02-10,4,O,56,6
5,2017-02-10,5,I,80,13
5,2017-02-10,5,O,272,18
5,2017-02-10,6,I,254,33
5,2017-02-10,6,O,791,47
5,2017-02-10,7,I,309,36
5,2017-02-10,7,O,1171,52
5,2017-02-10,8,I,377,44
5,2017-02-10,8,O,755,53
5,2017-02-10,9,I,290,36
5,2017-02-10,9,O,559,42
5,2017-02-10,10,I,250,28
5,2017-02-10,10,O,376,34
5,2017-02-10,11,I,262,29
5,2017-02-10,11,O,368,41
5,2017-02-10,12,I,321,29
5,2017-02-10,12,O,393,45
5,2017-02-10,13,I,475,44
5,2017-02-10,13,O,496,30
5,2017-02-10,14,I,616,55
5,2017-02-10,14,O,498,51
5,2017-02-10,15,I,970,70
5,2017-02-10,15,O,496,74
5,2017-02-10,16,I,891,65
5,2017-02-10,16,O,473,59
5,2017-02-10,17,I,681,70
5,2017-02-10,17,O,425,57
5,2017-02-10,18,I,672,52
5,2017-02-10,18,O,407,39
5,2017-02-10,19,I,489,45
5,2017-02-10,19,O,287,46
5,2017-02-10,20,I,376,33
5,2017-02-10,20,O,193,29
5,2017-02-10,21,I,285,32
5,2017-02-10,21,O,180,38
5,2017-02-10,22,I,280,24
5,2017-02-10,22,O,153,28
5,2017-02-10,23,I,195,15
5,2017-02-10,23,O,116,32
5,2017-02-09,0,I,110,20
5,2017-02-09,0,O,49,9
5,2017-02-09,1,I,57,10
5,2017-02-09,1,O,21,7
5,2017-02-09,2,I,37,7
5,2017-02-09,2,O,22,5
5,2017-02-09,3,I,33,7
5,2017-02-09,3,O,43,7
5,2017-02-09,4,I,35,9
5,2017-02-09,4,O,75,5
5,2017-02-09,5,I,50,6
5,2017-02-09,5,O,219,10
5,2017-02-09,6,I,124,15
5,2017-02-09,6,O,346,24
5,2017-02-09,7,I,146,25
5,2017-02-09,7,O,272,22
5,2017-02-09,8,I,124,13
5,2017-02-09,8,O,237,19
5,2017-02-09,9,I,132,14
5,2017-02-09,9,O,132,16
5,2017-02-09,10,I,111,8
5,2017-02-09,10,O,110,9
5,2017-02-09,11,I,97,12
5,2017-02-09,11,O,97,14
5,2017-02-09,12,I,108,16
5,2017-02-09,12,O,98,11
5,2017-02-09,13,I,126,8
5,2017-02-09,13,O,123,21
5,2017-02-09,14,I,152,14
5,2017-02-09,14,O,126,14
5,2017-02-09,15,I,210,17
5,2017-02-09,15,O,166,18
5,2017-02-09,16,I,245,15
5,2017-02-09,16,O,160,15
5,2017-02-09,17,I,212,23
5,2017-02-09,17,O,165,16
5,2017-02-09,18,I,202,16
5,2017-02-09,18,O,125,21
5,2017-02-09,19,I,145,24
5,2017-02-09,19,O,86,11
5,2017-02-09,20,I,139,10
5,2017-02-09,20,O,73,12
5,2017-02-09,21,I,111,8
5,2017-02-09,21,O,61,12
5,2017-02-09,22,I,93,12
5,2017-02-09,22,O,60,5
5,2017-02-09,23,I,81,8
5,2017-02-09,23,O,54,11
5,2017-02-08,0,I,83,8
5,2017-02-08,0,O,24,11
5,2017-02-08,1,I,41,7
5,2017-02-08,1,O,21,5
5,2017-02-08,2,I,20,5
5,2017-02-08,2,O,11,2
5,2017-02-08,3,I,24,6
5,2017-02-08,3,O,23,5
5,2017-02-08,4,I,36,4
5,2017-02-08,4,O,66,3
5,2017-02-08,5,I,83,14
5,2017-02-08,5,O,352,15
5,2017-02-08,6,I,320,34
5,2017-02-08,6,O,984,46
5,2017-02-08,7,I,403,48
5,2017-02-08,7,O,1596,74
5,2017-02-08,8,I,374,40
5,2017-02-08,8,O,981,76
5,2017-02-08,9,I,355,39
5,2017-02-08,9,O,689,46
5,2017-02-08,10,I,343,32
5,2017-02-08,10,O,530,43
5,2017-02-08,11,I,365,36
5,2017-02-08,11,O,466,50
5,2017-02-08,12,I,399,53
5,2017-02-08,12,O,505,54
5,2017-02-08,13,I,435,43
5,2017-02-08,13,O,450,45
5,2017-02-08,14,I,553,52
5,2017-02-08,14,O,582,59
5,2017-02-08,15,I,796,76
5,2017-02-08,15,O,622,72
5,2017-02-08,16,I,1073,95
5,2017-02-08,16,O,552,69
5,2017-02-08,17,I,1199,72
5,2017-02-08,17,O,588,70
5,2017-02-08,18,I,1123,73
5,2017-02-08,18,O,444,52
5,2017-02-08,19,I,924,67
5,2017-02-08,19,O,337,40
5,2017-02-08,20,I,578,46
5,2017-02-08,20,O,215,32
5,2017-02-08,21,I,411,33
5,2017-02-08,21,O,191,26
5,2017-02-08,22,I,324,35
5,2017-02-08,22,O,132,28
5,2017-02-08,23,I,195,19
5,2017-02-08,23,O,97,25
5,2017-02-07,0,I,87,7
5,2017-02-07,0,O,33,6
5,2017-02-07,1,I,34,5
5,2017-02-07,1,O,14,4
5,2017-02-07,2,I,30,7
5,2017-02-07,2,O,13,7
5,2017-02-07,3,I,19,4
5,2017-02-07,3,O,25,3
5,2017-02-07,4,I,35,6
5,2017-02-07,4,O,54,3
5,2017-02-07,5,I,81,20
5,2017-02-07,5,O,354,20
5,2017-02-07,6,I,304,30
5,2017-02-07,6,O,935,39
5,2017-02-07,7,I,357,41
5,2017-02-07,7,O,1541,66
5,2017-02-07,8,I,385,55
5,2017-02-07,8,O,1074,79
5,2017-02-07,9,I,369,43
5,2017-02-07,9,O,654,55
5,2017-02-07,10,I,284,22
5,2017-02-07,10,O,499,42
5,2017-02-07,11,I,318,49
5,2017-02-07,11,O,414,29
5,2017-02-07,12,I,329,42
5,2017-02-07,12,O,390,47
5,2017-02-07,13,I,390,44
5,2017-02-07,13,O,404,39
5,2017-02-07,14,I,450,48
5,2017-02-07,14,O,471,50
5,2017-02-07,15,I,853,54
5,2017-02-07,15,O,567,70
5,2017-02-07,16,I,1013,50
5,2017-02-07,16,O,543,59
5,2017-02-07,17,I,984,45
5,2017-02-07,17,O,497,45
5,2017-02-07,18,I,936,53
5,2017-02-07,18,O,358,48
5,2017-02-07,19,I,579,34
5,2017-02-07,19,O,262,39
5,2017-02-07,20,I,484,32
5,2017-02-07,20,O,187,23
5,2017-02-07,21,I,345,26
5,2017-02-07,21,O,132,30
5,2017-02-07,22,I,253,19
5,2017-02-07,22,O,101,13
5,2017-02-07,23,I,147,15
5,2017-02-07,23,O,82,13
5,2017-02-06,0,I,128,27
5,2017-02-06,0,O,65,25
5,2017-02-06,1,I,43,3
5,2017-02-06,1,O,19,9
5,2017-02-06,2,I,21,4
5,2017-02-06,2,O,16,9
5,2017-02-06,3,I,20,4
5,2017-02-06,3,O,21,3
5,2017-02-06,4,I,32,7
5,2017-02-06,4,O,60,7
5,2017-02-06,5,I,74,12
5,2017-02-06,5,O,324,15
5,2017-02-06,6,I,340,41
5,2017-02-06,6,O,873,47
5,2017-02-06,7,I,385,61
5,2017-02-06,7,O,1536,77
5,2017-02-06,8,I,401,44
5,2017-02-06,8,O,1006,68
5,2017-02-06,9,I,345,36
5,2017-02-06,9,O,656,51
5,2017-02-06,10,I,281,39
5,2017-02-06,10,O,493,46
5,2017-02-06,11,I,303,32
5,2017-02-06,11,O,457,44
5,2017-02-06,12,I,320,40
5,2017-02-06,12,O,419,42
5,2017-02-06,13,I,369,36
5,2017-02-06,13,O,413,44
5,2017-02-06,14,I,514,44
5,2017-02-06,14,O,470,56
5,2017-02-06,15,I,808,56
5,2017-02-06,15,O,585,67
5,2017-02-06,16,I,1052,64
5,2017-02-06,16,O,517,71
5,2017-02-06,17,I,1051,71
5,2017-02-06,17,O,498,53
5,2017-02-06,18,I,948,59
5,2017-02-06,18,O,388,43
5,2017-02-06,19,I,604,40
5,2017-02-06,19,O,266,37
5,2017-02-06,20,I,431,39
5,2017-02-06,20,O,174,27
5,2017-02-06,21,I,298,28
5,2017-02-06,21,O,101,17
5,2017-02-06,22,I,224,18
5,2017-02-06,22,O,93,24
5,2017-02-06,23,I,126,12
5,2017-02-06,23,O,91,17
5,2017-02-05,0,I,160,23
5,2017-02-05,0,O,103,21
5,2017-02-05,1,I,104,19
5,2017-02-05,1,O,64,18
5,2017-02-05,2,I,58,14
5,2017-02-05,2,O,36,10
5,2017-02-05,3,I,51,9
5,2017-02-05,3,O,27,8
5,2017-02-05,4,I,48,8
5,2017-02-05,4,O,24,10
5,2017-02-05,5,I,31,7
5,2017-02-05,5,O,60,7
5,2017-02-05,6,I,74,7
5,2017-02-05,6,O,125,16
5,2017-02-05,7,I,107,14
5,2017-02-05,7,O,208,17
5,2017-02-05,8,I,132,17
5,2017-02-05,8,O,280,24
5,2017-02-05,9,I,191,15
5,2017-02-05,9,O,370,27
5,2017-02-05,10,I,289,24
5,2017-02-05,10,O,448,40
5,2017-02-05,11,I,328,45
5,2017-02-05,11,O,438,32
5,2017-02-05,12,I,387,48
5,2017-02-05,12,O,445,41
5,2017-02-05,13,I,445,35
5,2017-02-05,13,O,459,39
5,2017-02-05,14,I,516,51
5,2017-02-05,14,O,445,51
5,2017-02-05,15,I,518,44
5,2017-02-05,15,O,460,55
5,2017-02-05,16,I,510,44
5,2017-02-05,16,O,419,52
5,2017-02-05,17,I,553,70
5,2017-02-05,17,O,376,54
5,2017-02-05,18,I,371,56
5,2017-02-05,18,O,271,38
5,2017-02-05,19,I,234,43
5,2017-02-05,19,O,156,37
5,2017-02-05,20,I,205,27
5,2017-02-05,20,O,152,32
5,2017-02-05,21,I,202,24
5,2017-02-05,21,O,135,35
5,2017-02-05,22,I,199,18
5,2017-02-05,22,O,270,41
5,2017-02-05,23,I,271,39
5,2017-02-05,23,O,196,45
5,2017-02-04,0,I,149,12
5,2017-02-04,0,O,92,16
5,2017-02-04,1,I,98,16
5,2017-02-04,1,O,41,10
5,2017-02-04,2,I,53,11
5,2017-02-04,2,O,29,8
5,2017-02-04,3,I,36,7
5,2017-02-04,3,O,19,7
5,2017-02-04,4,I,31,12
5,2017-02-04,4,O,32,5
5,2017-02-04,5,I,49,15
5,2017-02-04,5,O,119,11
5,2017-02-04,6,I,96,15
5,2017-02-04,6,O,211,13
5,2017-02-04,7,I,152,21
5,2017-02-04,7,O,357,30
5,2017-02-04,8,I,215,33
5,2017-02-04,8,O,400,29
5,2017-02-04,9,I,275,52
5,2017-02-04,9,O,500,51
5,2017-02-04,10,I,317,47
5,2017-02-04,10,O,447,48
5,2017-02-04,11,I,399,42
5,2017-02-04,11,O,559,54
5,2017-02-04,12,I,553,70
5,2017-02-04,12,O,481,54
5,2017-02-04,13,I,535,64
5,2017-02-04,13,O,450,71
5,2017-02-04,14,I,487,51
5,2017-02-04,14,O,466,54
5,2017-02-04,15,I,517,58
5,2017-02-04,15,O,457,60
5,2017-02-04,16,I,579,57
5,2017-02-04,16,O,439,49
5,2017-02-04,17,I,416,51
5,2017-02-04,17,O,476,57
5,2017-02-04,18,I,473,60
5,2017-02-04,18,O,394,43
5,2017-02-04,19,I,391,43
5,2017-02-04,19,O,336,48
5,2017-02-04,20,I,330,46
5,2017-02-04,20,O,228,33
5,2017-02-04,21,I,330,24
5,2017-02-04,21,O,189,39
5,2017-02-04,22,I,322,42
5,2017-02-04,22,O,174,37
5,2017-02-04,23,I,259,29
5,2017-02-04,23,O,138,30
5,2017-02-03,0,I,116,10
5,2017-02-03,0,O,50,12
5,2017-02-03,1,I,61,5
5,2017-02-03,1,O,29,5
5,2017-02-03,2,I,30,8
5,2017-02-03,2,O,19,7
5,2017-02-03,3,I,24,2
5,2017-02-03,3,O,20,6
5,2017-02-03,4,I,38,5
5,2017-02-03,4,O,63,3
5,2017-02-03,5,I,91,11
5,2017-02-03,5,O,332,17
5,2017-02-03,6,I,313,31
5,2017-02-03,6,O,879,48
5,2017-02-03,7,I,417,53
5,2017-02-03,7,O,1471,73
5,2017-02-03,8,I,395,55
5,2017-02-03,8,O,917,57
5,2017-02-03,9,I,340,40
5,2017-02-03,9,O,609,50
5,2017-02-03,10,I,302,45
5,2017-02-03,10,O,472,40
5,2017-02-03,11,I,337,43
5,2017-02-03,11,O,503,58
5,2017-02-03,12,I,418,34
5,2017-02-03,12,O,510,54
5,2017-02-03,13,I,575,54
5,2017-02-03,13,O,552,52
5,2017-02-03,14,I,861,71
5,2017-02-03,14,O,636,47
5,2017-02-03,15,I,1154,75
5,2017-02-03,15,O,627,77
5,2017-02-03,16,I,1003,73
5,2017-02-03,16,O,504,61
5,2017-02-03,17,I,889,64
5,2017-02-03,17,O,413,62
5,2017-02-03,18,I,715,54
5,2017-02-03,18,O,412,57
5,2017-02-03,19,I,534,58
5,2017-02-03,19,O,369,38
5,2017-02-03,20,I,392,46
5,2017-02-03,20,O,262,40
5,2017-02-03,21,I,353,33
5,2017-02-03,21,O,166,39
5,2017-02-03,22,I,396,33
5,2017-02-03,22,O,152,32
5,2017-02-03,23,I,210,23
5,2017-02-03,23,O,136,30
5,2017-02-02,0,I,98,11
5,2017-02-02,0,O,49,17
5,2017-02-02,1,I,50,12
5,2017-02-02,1,O,25,7
5,2017-02-02,2,I,30,3
5,2017-02-02,2,O,15,6
5,2017-02-02,3,I,21,4
5,2017-02-02,3,O,22,3
5,2017-02-02,4,I,36,4
5,2017-02-02,4,O,61,6
5,2017-02-02,5,I,82,13
5,2017-02-02,5,O,357,14
5,2017-02-02,6,I,327,39
5,2017-02-02,6,O,925,34
5,2017-02-02,7,I,408,43
5,2017-02-02,7,O,1498,90
5,2017-02-02,8,I,393,45
5,2017-02-02,8,O,992,74
5,2017-02-02,9,I,381,53
5,2017-02-02,9,O,641,63
5,2017-02-02,10,I,319,40
5,2017-02-02,10,O,542,41
5,2017-02-02,11,I,357,31
5,2017-02-02,11,O,469,42
5,2017-02-02,12,I,361,41
5,2017-02-02,12,O,422,45
5,2017-02-02,13,I,404,48
5,2017-02-02,13,O,477,43
5,2017-02-02,14,I,589,46
5,2017-02-02,14,O,552,62
5,2017-02-02,15,I,898,63
5,2017-02-02,15,O,652,89
5,2017-02-02,16,I,982,60
5,2017-02-02,16,O,577,65
5,2017-02-02,17,I,945,59
5,2017-02-02,17,O,494,58
5,2017-02-02,18,I,893,75
5,2017-02-02,18,O,415,30
5,2017-02-02,19,I,699,38
5,2017-02-02,19,O,295,40
5,2017-02-02,20,I,536,50
5,2017-02-02,20,O,189,42
5,2017-02-02,21,I,389,25
5,2017-02-02,21,O,171,27
5,2017-02-02,22,I,247,24
5,2017-02-02,22,O,102,22
5,2017-02-02,23,I,166,28
5,2017-02-02,23,O,104,25
5,2017-02-01,0,I,88,13
5,2017-02-01,0,O,30,8
5,2017-02-01,1,I,38,14
5,2017-02-01,1,O,20,9
5,2017-02-01,2,I,24,8
5,2017-02-01,2,O,15,3
5,2017-02-01,3,I,21,5
5,2017-02-01,3,O,24,4
5,2017-02-01,4,I,34,7
5,2017-02-01,4,O,77,3
5,2017-02-01,5,I,101,10
5,2017-02-01,5,O,356,19
5,2017-02-01,6,I,331,36
5,2017-02-01,6,O,996,48
5,2017-02-01,7,I,361,49
5,2017-02-01,7,O,1587,88
5,2017-02-01,8,I,399,61
5,2017-02-01,8,O,1044,82
5,2017-02-01,9,I,377,45
5,2017-02-01,9,O,693,53
5,2017-02-01,10,I,304,29
5,2017-02-01,10,O,435,39
5,2017-02-01,11,I,376,26
5,2017-02-01,11,O,454,50
5,2017-02-01,12,I,361,43
5,2017-02-01,12,O,442,55
5,2017-02-01,13,I,403,38
5,2017-02-01,13,O,450,45
5,2017-02-01,14,I,642,50
5,2017-02-01,14,O,537,58
5,2017-02-01,15,I,923,65
5,2017-02-01,15,O,595,68
5,2017-02-01,16,I,898,61
5,2017-02-01,16,O,562,78
5,2017-02-01,17,I,966,60
5,2017-02-01,17,O,518,65
5,2017-02-01,18,I,893,68
5,2017-02-01,18,O,417,53
5,2017-02-01,19,I,632,51
5,2017-02-01,19,O,313,36
5,2017-02-01,20,I,517,44
5,2017-02-01,20,O,181,34
5,2017-02-01,21,I,339,30
5,2017-02-01,21,O,143,28
5,2017-02-01,22,I,277,38
5,2017-02-01,22,O,108,28
5,2017-02-01,23,I,169,21
5,2017-02-01,23,O,95,19
5,2017-01-31,0,I,80,12
5,2017-01-31,0,O,25,7
5,2017-01-31,1,I,36,9
5,2017-01-31,1,O,22,9
5,2017-01-31,2,I,18,4
5,2017-01-31,2,O,14,2
5,2017-01-31,3,I,19,3
5,2017-01-31,3,O,22,5
5,2017-01-31,4,I,29,4
5,2017-01-31,4,O,75,3
5,2017-01-31,5,I,83,20
5,2017-01-31,5,O,349,20
5,2017-01-31,6,I,308,34
5,2017-01-31,6,O,982,45
5,2017-01-31,7,I,406,52
5,2017-01-31,7,O,1556,88
5,2017-01-31,8,I,397,56
5,2017-01-31,8,O,971,62
5,2017-01-31,9,I,301,46
5,2017-01-31,9,O,624,58
5,2017-01-31,10,I,309,41
5,2017-01-31,10,O,495,46
5,2017-01-31,11,I,307,37
5,2017-01-31,11,O,370,44
5,2017-01-31,12,I,314,44
5,2017-01-31,12,O,369,32
5,2017-01-31,13,I,387,41
5,2017-01-31,13,O,412,45
5,2017-01-31,14,I,479,53
5,2017-01-31,14,O,470,54
5,2017-01-31,15,I,733,67
5,2017-01-31,15,O,546,72
5,2017-01-31,16,I,1041,79
5,2017-01-31,16,O,505,50
5,2017-01-31,17,I,1050,65
5,2017-01-31,17,O,470,68
5,2017-01-31,18,I,865,59
5,2017-01-31,18,O,386,53
5,2017-01-31,19,I,618,53
5,2017-01-31,19,O,273,35
5,2017-01-31,20,I,418,28
5,2017-01-31,20,O,164,27
5,2017-01-31,21,I,350,29
5,2017-01-31,21,O,147,25
5,2017-01-31,22,I,263,26
5,2017-01-31,22,O,101,31
5,2017-01-31,23,I,154,17
5,2017-01-31,23,O,82,22
5,2017-01-30,0,I,60,9
5,2017-01-30,0,O,31,8
5,2017-01-30,1,I,26,5
5,2017-01-30,1,O,23,7
5,2017-01-30,2,I,18,7
5,2017-01-30,2,O,16,4
5,2017-01-30,3,I,23,2
5,2017-01-30,3,O,14,5
5,2017-01-30,4,I,31,7
5,2017-01-30,4,O,68,7
5,2017-01-30,5,I,92,12
5,2017-01-30,5,O,339,18
5,2017-01-30,6,I,300,34
5,2017-01-30,6,O,911,50
5,2017-01-30,7,I,370,61
5,2017-01-30,7,O,1484,92
5,2017-01-30,8,I,385,45
5,2017-01-30,8,O,931,92
5,2017-01-30,9,I,332,37
5,2017-01-30,9,O,573,45
5,2017-01-30,10,I,298,32
5,2017-01-30,10,O,476,33
5,2017-01-30,11,I,315,40
5,2017-01-30,11,O,463,51
5,2017-01-30,12,I,321,43
5,2017-01-30,12,O,402,58
5,2017-01-30,13,I,354,43
5,2017-01-30,13,O,406,59
5,2017-01-30,14,I,498,50
5,2017-01-30,14,O,453,50
5,2017-01-30,15,I,795,55
5,2017-01-30,15,O,554,68
5,2017-01-30,16,I,1047,72
5,2017-01-30,16,O,468,66
5,2017-01-30,17,I,1035,63
5,2017-01-30,17,O,435,67
5,2017-01-30,18,I,902,52
5,2017-01-30,18,O,345,55
5,2017-01-30,19,I,632,48
5,2017-01-30,19,O,244,27
5,2017-01-30,20,I,430,46
5,2017-01-30,20,O,169,38
5,2017-01-30,21,I,295,29
5,2017-01-30,21,O,132,23
5,2017-01-30,22,I,198,26
5,2017-01-30,22,O,98,29
5,2017-01-30,23,I,122,13
5,2017-01-30,23,O,87,19
5,2017-01-29,0,I,194,22
5,2017-01-29,0,O,88,24
5,2017-01-29,1,I,113,18
5,2017-01-29,1,O,46,14
5,2017-01-29,2,I,59,9
5,2017-01-29,2,O,30,10
5,2017-01-29,3,I,30,13
5,2017-01-29,3,O,21,9
5,2017-01-29,4,I,55,6
5,2017-01-29,4,O,25,5
5,2017-01-29,5,I,39,7
5,2017-01-29,5,O,72,4
5,2017-01-29,6,I,69,14
5,2017-01-29,6,O,131,5
5,2017-01-29,7,I,94,10
5,2017-01-29,7,O,225,15
5,2017-01-29,8,I,126,15
5,2017-01-29,8,O,276,28
5,2017-01-29,9,I,203,23
5,2017-01-29,9,O,351,34
5,2017-01-29,10,I,256,26
5,2017-01-29,10,O,454,49
5,2017-01-29,11,I,339,44
5,2017-01-29,11,O,510,44
5,2017-01-29,12,I,426,44
5,2017-01-29,12,O,456,55
5,2017-01-29,13,I,549,74
5,2017-01-29,13,O,445,48
5,2017-01-29,14,I,616,71
5,2017-01-29,14,O,445,64
5,2017-01-29,15,I,612,78
5,2017-01-29,15,O,431,57
5,2017-01-29,16,I,591,81
5,2017-01-29,16,O,418,77
5,2017-01-29,17,I,450,57
5,2017-01-29,17,O,315,76
5,2017-01-29,18,I,443,53
5,2017-01-29,18,O,305,55
5,2017-01-29,19,I,379,52
5,2017-01-29,19,O,252,39
5,2017-01-29,20,I,349,27
5,2017-01-29,20,O,180,32
5,2017-01-29,21,I,246,30
5,2017-01-29,21,O,123,32
5,2017-01-29,22,I,188,28
5,2017-01-29,22,O,99,37
5,2017-01-29,23,I,116,16
5,2017-01-29,23,O,87,19
5,2017-01-28,0,I,168,18
5,2017-01-28,0,O,75,22
5,2017-01-28,1,I,96,20
5,2017-01-28,1,O,41,12
5,2017-01-28,2,I,52,10
5,2017-01-28,2,O,24,6
5,2017-01-28,3,I,49,9
5,2017-01-28,3,O,25,5
5,2017-01-28,4,I,28,10
5,2017-01-28,4,O,36,8
5,2017-01-28,5,I,56,9
5,2017-01-28,5,O,98,6
5,2017-01-28,6,I,76,16
5,2017-01-28,6,O,211,11
5,2017-01-28,7,I,138,30
5,2017-01-28,7,O,352,21
5,2017-01-28,8,I,226,39
5,2017-01-28,8,O,378,33
5,2017-01-28,9,I,261,28
5,2017-01-28,9,O,466,38
5,2017-01-28,10,I,289,33
5,2017-01-28,10,O,467,41
5,2017-01-28,11,I,371,54
5,2017-01-28,11,O,532,49
5,2017-01-28,12,I,426,53
5,2017-01-28,12,O,492,57
5,2017-01-28,13,I,490,46
5,2017-01-28,13,O,453,61
5,2017-01-28,14,I,484,61
5,2017-01-28,14,O,442,71
5,2017-01-28,15,I,500,55
5,2017-01-28,15,O,446,70
5,2017-01-28,16,I,500,67
5,2017-01-28,16,O,457,73
5,2017-01-28,17,I,503,55
5,2017-01-28,17,O,414,71
5,2017-01-28,18,I,472,56
5,2017-01-28,18,O,436,57
5,2017-01-28,19,I,408,38
5,2017-01-28,19,O,345,47
5,2017-01-28,20,I,326,53
5,2017-01-28,20,O,235,46
5,2017-01-28,21,I,299,31
5,2017-01-28,21,O,202,32
5,2017-01-28,22,I,255,34
5,2017-01-28,22,O,156,47
5,2017-01-28,23,I,262,22
5,2017-01-28,23,O,141,37
5,2017-01-27,0,I,101,9
5,2017-01-27,0,O,36,7
5,2017-01-27,1,I,49,5
5,2017-01-27,1,O,31,7
5,2017-01-27,2,I,33,6
5,2017-01-27,2,O,15,5
5,2017-01-27,3,I,29,5
5,2017-01-27,3,O,24,7
5,2017-01-27,4,I,44,4
5,2017-01-27,4,O,60,6
5,2017-01-27,5,I,95,15
5,2017-01-27,5,O,307,19
5,2017-01-27,6,I,296,36
5,2017-01-27,6,O,870,46
5,2017-01-27,7,I,396,46
5,2017-01-27,7,O,1435,87
5,2017-01-27,8,I,412,56
5,2017-01-27,8,O,858,61
5,2017-01-27,9,I,324,56
5,2017-01-27,9,O,617,49
5,2017-01-27,10,I,344,38
5,2017-01-27,10,O,537,40
5,2017-01-27,11,I,334,35
5,2017-01-27,11,O,511,56
5,2017-01-27,12,I,396,50
5,2017-01-27,12,O,473,58
5,2017-01-27,13,I,496,44
5,2017-01-27,13,O,494,61
5,2017-01-27,14,I,747,62
5,2017-01-27,14,O,571,83
5,2017-01-27,15,I,1100,95
5,2017-01-27,15,O,576,95
5,2017-01-27,16,I,894,82
5,2017-01-27,16,O,520,83
5,2017-01-27,17,I,799,60
5,2017-01-27,17,O,471,80
5,2017-01-27,18,I,706,61
5,2017-01-27,18,O,397,60
5,2017-01-27,19,I,530,63
5,2017-01-27,19,O,359,54
5,2017-01-27,20,I,401,51
5,2017-01-27,20,O,218,40
5,2017-01-27,21,I,377,41
5,2017-01-27,21,O,165,37
5,2017-01-27,22,I,298,25
5,2017-01-27,22,O,153,28
5,2017-01-27,23,I,203,28
5,2017-01-27,23,O,141,30
5,2017-01-26,0,I,112,19
5,2017-01-26,0,O,32,12
5,2017-01-26,1,I,35,6
5,2017-01-26,1,O,24,3
5,2017-01-26,2,I,33,3
5,2017-01-26,2,O,20,3
5,2017-01-26,3,I,21,4
5,2017-01-26,3,O,26,4
5,2017-01-26,4,I,30,6
5,2017-01-26,4,O,74,8
5,2017-01-26,5,I,85,12
5,2017-01-26,5,O,333,19
5,2017-01-26,6,I,315,44
5,2017-01-26,6,O,931,42
5,2017-01-26,7,I,371,58
5,2017-01-26,7,O,1441,81
5,2017-01-26,8,I,346,32
5,2017-01-26,8,O,892,92
5,2017-01-26,9,I,373,47
5,2017-01-26,9,O,659,54
5,2017-01-26,10,I,330,39
5,2017-01-26,10,O,506,52
5,2017-01-26,11,I,293,49
5,2017-01-26,11,O,474,54
5,2017-01-26,12,I,328,34
5,2017-01-26,12,O,434,60
5,2017-01-26,13,I,420,33
5,2017-01-26,13,O,482,45
5,2017-01-26,14,I,590,57
5,2017-01-26,14,O,483,66
5,2017-01-26,15,I,898,72
5,2017-01-26,15,O,592,92
5,2017-01-26,16,I,951,74
5,2017-01-26,16,O,552,60
5,2017-01-26,17,I,1039,81
5,2017-01-26,17,O,506,77
5,2017-01-26,18,I,953,58
5,2017-01-26,18,O,434,57
5,2017-01-26,19,I,653,58
5,2017-01-26,19,O,322,41
5,2017-01-26,20,I,478,45
5,2017-01-26,20,O,205,33
5,2017-01-26,21,I,372,33
5,2017-01-26,21,O,143,30
5,2017-01-26,22,I,295,28
5,2017-01-26,22,O,126,21
5,2017-01-26,23,I,155,19
5,2017-01-26,23,O,87,19
5,2017-01-25,0,I,81,14
5,2017-01-25,0,O,30,10
5,2017-01-25,1,I,44,7
5,2017-01-25,1,O,17,5
5,2017-01-25,2,I,28,5
5,2017-01-25,2,O,19,3
5,2017-01-25,3,I,29,4
5,2017-01-25,3,O,20,4
5,2017-01-25,4,I,37,5
5,2017-01-25,4,O,69,5
5,2017-01-25,5,I,101,14
5,2017-01-25,5,O,336,24
5,2017-01-25,6,I,305,39
5,2017-01-25,6,O,971,47
5,2017-01-25,7,I,395,51
5,2017-01-25,7,O,1466,99
5,2017-01-25,8,I,397,54
5,2017-01-25,8,O,968,83
5,2017-01-25,9,I,330,42
5,2017-01-25,9,O,687,58
5,2017-01-25,10,I,389,36
5,2017-01-25,10,O,482,58
5,2017-01-25,11,I,357,44
5,2017-01-25,11,O,482,51
5,2017-01-25,12,I,400,50
5,2017-01-25,12,O,496,65
5,2017-01-25,13,I,513,45
5,2017-01-25,13,O,440,50
5,2017-01-25,14,I,718,59
5,2017-01-25,14,O,543,65
5,2017-01-25,15,I,962,75
5,2017-01-25,15,O,573,75
5,2017-01-25,16,I,1000,81
5,2017-01-25,16,O,524,60
5,2017-01-25,17,I,1033,71
5,2017-01-25,17,O,556,76
5,2017-01-25,18,I,1001,71
5,2017-01-25,18,O,412,54
5,2017-01-25,19,I,635,49
5,2017-01-25,19,O,283,43
5,2017-01-25,20,I,457,36
5,2017-01-25,20,O,203,42
5,2017-01-25,21,I,363,29
5,2017-01-25,21,O,134,30
5,2017-01-25,22,I,283,25
5,2017-01-25,22,O,115,19
5,2017-01-25,23,I,159,22
5,2017-01-25,23,O,79,24
5,2017-01-24,0,I,66,7
5,2017-01-24,0,O,30,6
5,2017-01-24,1,I,29,3
5,2017-01-24,1,O,12,3
5,2017-01-24,2,I,24,3
5,2017-01-24,2,O,16,1
5,2017-01-24,3,I,18,1
5,2017-01-24,3,O,15,8
5,2017-01-24,4,I,27,4
5,2017-01-24,4,O,73,5
5,2017-01-24,5,I,61,13
5,2017-01-24,5,O,302,26
5,2017-01-24,6,I,264,37
5,2017-01-24,6,O,819,51
5,2017-01-24,7,I,316,44
5,2017-01-24,7,O,945,88
5,2017-01-24,8,I,353,50
5,2017-01-24,8,O,1352,133
5,2017-01-24,9,I,449,41
5,2017-01-24,9,O,792,86
5,2017-01-24,10,I,468,77
5,2017-01-24,10,O,489,44
5,2017-01-24,11,I,363,41
5,2017-01-24,11,O,435,52
5,2017-01-24,12,I,343,35
5,2017-01-24,12,O,373,37
5,2017-01-24,13,I,418,32
5,2017-01-24,13,O,380,46
5,2017-01-24,14,I,475,48
5,2017-01-24,14,O,400,68
5,2017-01-24,15,I,806,53
5,2017-01-24,15,O,561,75
5,2017-01-24,16,I,1064,81
5,2017-01-24,16,O,498,60
5,2017-01-24,17,I,1017,74
5,2017-01-24,17,O,514,73
5,2017-01-24,18,I,912,56
5,2017-01-24,18,O,408,62
5,2017-01-24,19,I,617,56
5,2017-01-24,19,O,277,41
5,2017-01-24,20,I,452,31
5,2017-01-24,20,O,143,34
5,2017-01-24,21,I,326,18
5,2017-01-24,21,O,141,25
5,2017-01-24,22,I,235,11
5,2017-01-24,22,O,88,10
5,2017-01-24,23,I,125,18
5,2017-01-24,23,O,86,14
5,2017-01-23,0,I,79,13
5,2017-01-23,0,O,39,8
5,2017-01-23,1,I,28,5
5,2017-01-23,1,O,19,9
5,2017-01-23,2,I,24,7
5,2017-01-23,2,O,19,4
5,2017-01-23,3,I,14,1
5,2017-01-23,3,O,18,8
5,2017-01-23,4,I,19,5
5,2017-01-23,4,O,72,4
5,2017-01-23,5,I,78,12
5,2017-01-23,5,O,341,15
5,2017-01-23,6,I,282,33
5,2017-01-23,6,O,911,44
5,2017-01-23,7,I,381,40
5,2017-01-23,7,O,1448,67
5,2017-01-23,8,I,414,44
5,2017-01-23,8,O,877,71
5,2017-01-23,9,I,332,39
5,2017-01-23,9,O,639,50
5,2017-01-23,10,I,302,30
5,2017-01-23,10,O,448,43
5,2017-01-23,11,I,318,29
5,2017-01-23,11,O,420,41
5,2017-01-23,12,I,325,31
5,2017-01-23,12,O,358,28
5,2017-01-23,13,I,394,44
5,2017-01-23,13,O,387,46
5,2017-01-23,14,I,545,32
5,2017-01-23,14,O,408,57
5,2017-01-23,15,I,800,59
5,2017-01-23,15,O,506,60
5,2017-01-23,16,I,1003,56
5,2017-01-23,16,O,366,45
5,2017-01-23,17,I,841,53
5,2017-01-23,17,O,398,40
5,2017-01-23,18,I,709,52
5,2017-01-23,18,O,254,30
5,2017-01-23,19,I,514,37
5,2017-01-23,19,O,173,25
5,2017-01-23,20,I,249,31
5,2017-01-23,20,O,127,26
5,2017-01-23,21,I,180,24
5,2017-01-23,21,O,86,22
5,2017-01-23,22,I,144,16
5,2017-01-23,22,O,71,14
5,2017-01-23,23,I,108,10
5,2017-01-23,23,O,70,13
5,2017-01-22,0,I,154,29
5,2017-01-22,0,O,63,20
5,2017-01-22,1,I,95,12
5,2017-01-22,1,O,47,10
5,2017-01-22,2,I,60,11
5,2017-01-22,2,O,35,7
5,2017-01-22,3,I,52,12
5,2017-01-22,3,O,22,7
5,2017-01-22,4,I,37,9
5,2017-01-22,4,O,33,10
5,2017-01-22,5,I,37,8
5,2017-01-22,5,O,79,8
5,2017-01-22,6,I,80,9
5,2017-01-22,6,O,148,11
5,2017-01-22,7,I,80,15
5,2017-01-22,7,O,209,14
5,2017-01-22,8,I,141,22
5,2017-01-22,8,O,273,23
5,2017-01-22,9,I,188,18
5,2017-01-22,9,O,319,35
5,2017-01-22,10,I,250,28
5,2017-01-22,10,O,445,31
5,2017-01-22,11,I,343,23
5,2017-01-22,11,O,458,40
5,2017-01-22,12,I,416,46
5,2017-01-22,12,O,507,31
5,2017-01-22,13,I,512,35
5,2017-01-22,13,O,509,45
5,2017-01-22,14,I,503,44
5,2017-01-22,14,O,473,51
5,2017-01-22,15,I,513,44
5,2017-01-22,15,O,425,51
5,2017-01-22,16,I,485,62
5,2017-01-22,16,O,340,42
5,2017-01-22,17,I,464,42
5,2017-01-22,17,O,309,42
5,2017-01-22,18,I,383,45
5,2017-01-22,18,O,296,31
5,2017-01-22,19,I,343,42
5,2017-01-22,19,O,241,40
5,2017-01-22,20,I,288,40
5,2017-01-22,20,O,175,29
5,2017-01-22,21,I,213,27
5,2017-01-22,21,O,128,37
5,2017-01-22,22,I,194,26
5,2017-01-22,22,O,106,22
5,2017-01-22,23,I,107,23
5,2017-01-22,23,O,79,22
5,2017-01-21,0,I,166,22
5,2017-01-21,0,O,61,16
5,2017-01-21,1,I,72,12
5,2017-01-21,1,O,31,16
5,2017-01-21,2,I,50,12
5,2017-01-21,2,O,27,7
5,2017-01-21,3,I,32,15
5,2017-01-21,3,O,31,6
5,2017-01-21,4,I,40,8
5,2017-01-21,4,O,53,9
5,2017-01-21,5,I,48,7
5,2017-01-21,5,O,114,8
5,2017-01-21,6,I,75,18
5,2017-01-21,6,O,224,20
5,2017-01-21,7,I,166,33
5,2017-01-21,7,O,342,22
5,2017-01-21,8,I,251,41
5,2017-01-21,8,O,419,30
5,2017-01-21,9,I,310,37
5,2017-01-21,9,O,496,29
5,2017-01-21,10,I,336,38
5,2017-01-21,10,O,490,43
5,2017-01-21,11,I,388,48
5,2017-01-21,11,O,543,42
5,2017-01-21,12,I,463,39
5,2017-01-21,12,O,521,51
5,2017-01-21,13,I,506,48
5,2017-01-21,13,O,464,63
5,2017-01-21,14,I,486,39
5,2017-01-21,14,O,523,58
5,2017-01-21,15,I,486,53
5,2017-01-21,15,O,512,68
5,2017-01-21,16,I,545,57
5,2017-01-21,16,O,420,52
5,2017-01-21,17,I,450,70
5,2017-01-21,17,O,428,64
5,2017-01-21,18,I,473,53
5,2017-01-21,18,O,384,54
5,2017-01-21,19,I,387,54
5,2017-01-21,19,O,309,42
5,2017-01-21,20,I,354,41
5,2017-01-21,20,O,243,36
5,2017-01-21,21,I,295,32
5,2017-01-21,21,O,174,37
5,2017-01-21,22,I,253,27
5,2017-01-21,22,O,183,33
5,2017-01-21,23,I,260,29
5,2017-01-21,23,O,126,21
5,2017-01-20,0,I,90,9
5,2017-01-20,0,O,32,9
5,2017-01-20,1,I,52,3
5,2017-01-20,1,O,34,5
5,2017-01-20,2,I,28,5
5,2017-01-20,2,O,22,6
5,2017-01-20,3,I,27,4
5,2017-01-20,3,O,19,7
5,2017-01-20,4,I,32,11
5,2017-01-20,4,O,73,6
5,2017-01-20,5,I,110,17
5,2017-01-20,5,O,341,19
5,2017-01-20,6,I,272,39
5,2017-01-20,6,O,909,43
5,2017-01-20,7,I,386,43
5,2017-01-20,7,O,1450,81
5,2017-01-20,8,I,371,57
5,2017-01-20,8,O,900,65
5,2017-01-20,9,I,319,39
5,2017-01-20,9,O,659,60
5,2017-01-20,10,I,328,39
5,2017-01-20,10,O,455,37
5,2017-01-20,11,I,337,31
5,2017-01-20,11,O,426,41
5,2017-01-20,12,I,406,42
5,2017-01-20,12,O,471,48
5,2017-01-20,13,I,503,52
5,2017-01-20,13,O,567,48
5,2017-01-20,14,I,954,64
5,2017-01-20,14,O,512,61
5,2017-01-20,15,I,1087,92
5,2017-01-20,15,O,607,90
5,2017-01-20,16,I,893,87
5,2017-01-20,16,O,508,77
5,2017-01-20,17,I,897,88
5,2017-01-20,17,O,440,71
5,2017-01-20,18,I,773,64
5,2017-01-20,18,O,341,49
5,2017-01-20,19,I,468,57
5,2017-01-20,19,O,329,32
5,2017-01-20,20,I,396,42
5,2017-01-20,20,O,248,30
5,2017-01-20,21,I,346,25
5,2017-01-20,21,O,207,29
5,2017-01-20,22,I,315,23
5,2017-01-20,22,O,138,27
5,2017-01-20,23,I,199,20
5,2017-01-20,23,O,117,33
5,2017-01-19,0,I,56,7
5,2017-01-19,0,O,23,11
5,2017-01-19,1,I,17,3
5,2017-01-19,1,O,15,8
5,2017-01-19,2,I,17,3
5,2017-01-19,2,O,22,5
5,2017-01-19,3,I,14,1
5,2017-01-19,3,O,19,4
5,2017-01-19,4,I,27,6
5,2017-01-19,4,O,78,11
5,2017-01-19,5,I,84,21
5,2017-01-19,5,O,325,23
5,2017-01-19,6,I,293,36
5,2017-01-19,6,O,969,47
5,2017-01-19,7,I,407,46
5,2017-01-19,7,O,1510,70
5,2017-01-19,8,I,412,53
5,2017-01-19,8,O,978,88
5,2017-01-19,9,I,347,50
5,2017-01-19,9,O,669,57
5,2017-01-19,10,I,333,52
5,2017-01-19,10,O,516,48
5,2017-01-19,11,I,396,43
5,2017-01-19,11,O,440,43
5,2017-01-19,12,I,411,40
5,2017-01-19,12,O,428,46
5,2017-01-19,13,I,489,62
5,2017-01-19,13,O,442,48
5,2017-01-19,14,I,717,74
5,2017-01-19,14,O,525,72
5,2017-01-19,15,I,989,70
5,2017-01-19,15,O,621,75
5,2017-01-19,16,I,1049,101
5,2017-01-19,16,O,556,73
5,2017-01-19,17,I,1104,79
5,2017-01-19,17,O,536,61
5,2017-01-19,18,I,1005,74
5,2017-01-19,18,O,409,49
5,2017-01-19,19,I,637,39
5,2017-01-19,19,O,290,40
5,2017-01-19,20,I,488,40
5,2017-01-19,20,O,209,30
5,2017-01-19,21,I,398,32
5,2017-01-19,21,O,163,24
5,2017-01-19,22,I,191,26
5,2017-01-19,22,O,112,12
5,2017-01-19,23,I,133,9
5,2017-01-19,23,O,87,18
5,2017-01-18,0,I,0,0
5,2017-01-18,0,O,29,5
5,2017-01-18,1,I,0,0
5,2017-01-18,1,O,18,2
5,2017-01-18,2,I,3,0
5,2017-01-18,2,O,23,5
5,2017-01-18,3,I,15,1
5,2017-01-18,3,O,16,2
5,2017-01-18,4,I,22,3
5,2017-01-18,4,O,69,7
5,2017-01-18,5,I,94,17
5,2017-01-18,5,O,349,20
5,2017-01-18,6,I,299,36
5,2017-01-18,6,O,1024,43
5,2017-01-18,7,I,358,45
5,2017-01-18,7,O,1505,83
5,2017-01-18,8,I,384,46
5,2017-01-18,8,O,920,68
5,2017-01-18,9,I,361,46
5,2017-01-18,9,O,656,53
5,2017-01-18,10,I,371,37
5,2017-01-18,10,O,532,38
5,2017-01-18,11,I,352,33
5,2017-01-18,11,O,447,41
5,2017-01-18,12,I,394,51
5,2017-01-18,12,O,409,45
5,2017-01-18,13,I,421,56
5,2017-01-18,13,O,460,53
5,2017-01-18,14,I,654,57
5,2017-01-18,14,O,496,58
5,2017-01-18,15,I,1073,75
5,2017-01-18,15,O,567,77
5,2017-01-18,16,I,975,85
5,2017-01-18,16,O,514,69
5,2017-01-18,17,I,1018,72
5,2017-01-18,17,O,484,72
5,2017-01-18,18,I,989,64
5,2017-01-18,18,O,436,45
5,2017-01-18,19,I,600,40
5,2017-01-18,19,O,302,38
5,2017-01-18,20,I,460,35
5,2017-01-18,20,O,204,31
5,2017-01-18,21,I,370,33
5,2017-01-18,21,O,149,23
5,2017-01-18,22,I,143,15
5,2017-01-18,22,O,108,12
5,2017-01-18,23,I,97,13
5,2017-01-18,23,O,62,18
5,2017-01-17,0,I,0,0
5,2017-01-17,0,O,19,5
5,2017-01-17,1,I,0,0
5,2017-01-17,1,O,15,5
5,2017-01-17,2,I,0,0
5,2017-01-17,2,O,22,4
5,2017-01-17,3,I,7,0
5,2017-01-17,3,O,31,4
5,2017-01-17,4,I,26,2
5,2017-01-17,4,O,66,9
5,2017-01-17,5,I,109,14
5,2017-01-17,5,O,341,22
5,2017-01-17,6,I,283,38
5,2017-01-17,6,O,915,41
5,2017-01-17,7,I,389,52
5,2017-01-17,7,O,1462,84
5,2017-01-17,8,I,379,49
5,2017-01-17,8,O,1012,79
5,2017-01-17,9,I,325,36
5,2017-01-17,9,O,696,42
5,2017-01-17,10,I,321,37
5,2017-01-17,10,O,470,45
5,2017-01-17,11,I,332,39
5,2017-01-17,11,O,405,46
5,2017-01-17,12,I,363,50
5,2017-01-17,12,O,398,45
5,2017-01-17,13,I,432,48
5,2017-01-17,13,O,402,34
5,2017-01-17,14,I,535,65
5,2017-01-17,14,O,472,55
5,2017-01-17,15,I,924,72
5,2017-01-17,15,O,574,70
5,2017-01-17,16,I,1122,69
5,2017-01-17,16,O,440,61
5,2017-01-17,17,I,1128,88
5,2017-01-17,17,O,512,59
5,2017-01-17,18,I,1009,70
5,2017-01-17,18,O,424,52
5,2017-01-17,19,I,656,53
5,2017-01-17,19,O,285,37
5,2017-01-17,20,I,468,35
5,2017-01-17,20,O,187,23
5,2017-01-17,21,I,336,27
5,2017-01-17,21,O,136,28
5,2017-01-17,22,I,21,0
5,2017-01-17,22,O,66,18
5,2017-01-17,23,I,0,0
5,2017-01-17,23,O,45,12
5,2017-01-16,0,I,98,19
5,2017-01-16,0,O,50,9
5,2017-01-16,1,I,61,12
5,2017-01-16,1,O,24,9
5,2017-01-16,2,I,29,13
5,2017-01-16,2,O,18,10
5,2017-01-16,3,I,23,2
5,2017-01-16,3,O,20,8
5,2017-01-16,4,I,23,6
5,2017-01-16,4,O,36,2
5,2017-01-16,5,I,50,8
5,2017-01-16,5,O,163,15
5,2017-01-16,6,I,199,35
5,2017-01-16,6,O,374,35
5,2017-01-16,7,I,214,44
5,2017-01-16,7,O,454,41
5,2017-01-16,8,I,283,42
5,2017-01-16,8,O,579,49
5,2017-01-16,9,I,287,43
5,2017-01-16,9,O,606,42
5,2017-01-16,10,I,328,35
5,2017-01-16,10,O,550,27
5,2017-01-16,11,I,382,47
5,2017-01-16,11,O,562,34
5,2017-01-16,12,I,441,67
5,2017-01-16,12,O,551,57
5,2017-01-16,13,I,523,64
5,2017-01-16,13,O,467,50
5,2017-01-16,14,I,684,57
5,2017-01-16,14,O,498,63
5,2017-01-16,15,I,667,73
5,2017-01-16,15,O,641,82
5,2017-01-16,16,I,793,83
5,2017-01-16,16,O,454,91
5,2017-01-16,17,I,796,65
5,2017-01-16,17,O,491,59
5,2017-01-16,18,I,617,62
5,2017-01-16,18,O,393,52
5,2017-01-16,19,I,474,45
5,2017-01-16,19,O,262,40
5,2017-01-16,20,I,387,36
5,2017-01-16,20,O,198,38
5,2017-01-16,21,I,283,33
5,2017-01-16,21,O,158,29
5,2017-01-16,22,I,3,1
5,2017-01-16,22,O,76,8
5,2017-01-16,23,I,0,0
5,2017-01-16,23,O,68,17
5,2017-01-15,0,I,163,30
5,2017-01-15,0,O,80,21
5,2017-01-15,1,I,99,12
5,2017-01-15,1,O,50,14
5,2017-01-15,2,I,52,10
5,2017-01-15,2,O,31,10
5,2017-01-15,3,I,43,13
5,2017-01-15,3,O,26,6
5,2017-01-15,4,I,38,9
5,2017-01-15,4,O,23,7
5,2017-01-15,5,I,30,9
5,2017-01-15,5,O,48,10
5,2017-01-15,6,I,69,12
5,2017-01-15,6,O,121,10
5,2017-01-15,7,I,82,15
5,2017-01-15,7,O,179,20
5,2017-01-15,8,I,130,18
5,2017-01-15,8,O,250,28
5,2017-01-15,9,I,176,26
5,2017-01-15,9,O,346,24
5,2017-01-15,10,I,262,30
5,2017-01-15,10,O,421,43
5,2017-01-15,11,I,316,44
5,2017-01-15,11,O,537,35
5,2017-01-15,12,I,466,64
5,2017-01-15,12,O,521,37
5,2017-01-15,13,I,494,60
5,2017-01-15,13,O,465,67
5,2017-01-15,14,I,575,49
5,2017-01-15,14,O,505,71
5,2017-01-15,15,I,607,81
5,2017-01-15,15,O,495,57
5,2017-01-15,16,I,629,77
5,2017-01-15,16,O,436,57
5,2017-01-15,17,I,632,61
5,2017-01-15,17,O,371,56
5,2017-01-15,18,I,515,68
5,2017-01-15,18,O,330,43
5,2017-01-15,19,I,523,75
5,2017-01-15,19,O,220,30
5,2017-01-15,20,I,518,63
5,2017-01-15,20,O,231,37
5,2017-01-15,21,I,487,72
5,2017-01-15,21,O,179,27
5,2017-01-15,22,I,206,20
5,2017-01-15,22,O,154,33
5,2017-01-15,23,I,142,20
5,2017-01-15,23,O,93,16
5,2017-01-14,0,I,0,0
5,2017-01-14,0,O,30,6
5,2017-01-14,1,I,0,0
5,2017-01-14,1,O,25,5
5,2017-01-14,2,I,0,0
5,2017-01-14,2,O,14,15
5,2017-01-14,3,I,0,0
5,2017-01-14,3,O,21,4
5,2017-01-14,4,I,0,0
5,2017-01-14,4,O,30,6
5,2017-01-14,5,I,57,10
5,2017-01-14,5,O,112,10
5,2017-01-14,6,I,84,21
5,2017-01-14,6,O,217,19
5,2017-01-14,7,I,163,26
5,2017-01-14,7,O,327,20
5,2017-01-14,8,I,183,40
5,2017-01-14,8,O,374,28
5,2017-01-14,9,I,279,43
5,2017-01-14,9,O,456,43
5,2017-01-14,10,I,288,39
5,2017-01-14,10,O,502,50
5,2017-01-14,11,I,393,54
5,2017-01-14,11,O,486,31
5,2017-01-14,12,I,449,41
5,2017-01-14,12,O,500,51
5,2017-01-14,13,I,428,49
5,2017-01-14,13,O,484,58
5,2017-01-14,14,I,520,60
5,2017-01-14,14,O,449,63
5,2017-01-14,15,I,491,54
5,2017-01-14,15,O,470,84
5,2017-01-14,16,I,512,66
5,2017-01-14,16,O,392,57
5,2017-01-14,17,I,443,65
5,2017-01-14,17,O,328,52
5,2017-01-14,18,I,404,56
5,2017-01-14,18,O,315,43
5,2017-01-14,19,I,336,52
5,2017-01-14,19,O,316,48
5,2017-01-14,20,I,296,33
5,2017-01-14,20,O,231,29
5,2017-01-14,21,I,280,40
5,2017-01-14,21,O,158,30
5,2017-01-14,22,I,207,28
5,2017-01-14,22,O,161,37
5,2017-01-14,23,I,211,41
5,2017-01-14,23,O,128,35
5,2017-01-13,0,I,0,0
5,2017-01-13,0,O,27,5
5,2017-01-13,1,I,0,0
5,2017-01-13,1,O,23,2
5,2017-01-13,2,I,14,0
5,2017-01-13,2,O,29,9
5,2017-01-13,3,I,12,2
5,2017-01-13,3,O,19,2
5,2017-01-13,4,I,25,3
5,2017-01-13,4,O,64,4
5,2017-01-13,5,I,108,17
5,2017-01-13,5,O,314,22
5,2017-01-13,6,I,294,43
5,2017-01-13,6,O,900,47
5,2017-01-13,7,I,404,40
5,2017-01-13,7,O,1406,75
5,2017-01-13,8,I,453,55
5,2017-01-13,8,O,864,82
5,2017-01-13,9,I,373,44
5,2017-01-13,9,O,594,50
5,2017-01-13,10,I,362,47
5,2017-01-13,10,O,519,45
5,2017-01-13,11,I,389,48
5,2017-01-13,11,O,475,36
5,2017-01-13,12,I,482,46
5,2017-01-13,12,O,540,49
5,2017-01-13,13,I,619,58
5,2017-01-13,13,O,561,69
5,2017-01-13,14,I,1014,83
5,2017-01-13,14,O,492,51
5,2017-01-13,15,I,1219,87
5,2017-01-13,15,O,616,69
5,2017-01-13,16,I,987,99
5,2017-01-13,16,O,501,86
5,2017-01-13,17,I,901,76
5,2017-01-13,17,O,484,78
5,2017-01-13,18,I,707,63
5,2017-01-13,18,O,432,60
5,2017-01-13,19,I,502,47
5,2017-01-13,19,O,311,38
5,2017-01-13,20,I,419,43
5,2017-01-13,20,O,231,37
5,2017-01-13,21,I,379,50
5,2017-01-13,21,O,156,34
5,2017-01-13,22,I,28,2
5,2017-01-13,22,O,98,20
5,2017-01-13,23,I,0,0
5,2017-01-13,23,O,75,17
5,2017-01-12,0,I,0,0
5,2017-01-12,0,O,34,10
5,2017-01-12,1,I,0,0
5,2017-01-12,1,O,19,4
5,2017-01-12,2,I,0,0
5,2017-01-12,2,O,13,2
5,2017-01-12,3,I,0,0
5,2017-01-12,3,O,19,7
5,2017-01-12,4,I,2,0
5,2017-01-12,4,O,41,2
5,2017-01-12,5,I,110,20
5,2017-01-12,5,O,360,19
5,2017-01-12,6,I,303,33
5,2017-01-12,6,O,904,35
5,2017-01-12,7,I,400,48
5,2017-01-12,7,O,1439,79
5,2017-01-12,8,I,408,42
5,2017-01-12,8,O,1049,87
5,2017-01-12,9,I,326,36
5,2017-01-12,9,O,673,45
5,2017-01-12,10,I,326,49
5,2017-01-12,10,O,485,36
5,2017-01-12,11,I,342,34
5,2017-01-12,11,O,450,44
5,2017-01-12,12,I,359,44
5,2017-01-12,12,O,457,45
5,2017-01-12,13,I,418,46
5,2017-01-12,13,O,442,57
5,2017-01-12,14,I,692,55
5,2017-01-12,14,O,564,68
5,2017-01-12,15,I,1005,89
5,2017-01-12,15,O,631,68
5,2017-01-12,16,I,1010,90
5,2017-01-12,16,O,561,61
5,2017-01-12,17,I,1089,78
5,2017-01-12,17,O,521,73
5,2017-01-12,18,I,1065,55
5,2017-01-12,18,O,437,61
5,2017-01-12,19,I,731,57
5,2017-01-12,19,O,309,34
5,2017-01-12,20,I,489,39
5,2017-01-12,20,O,243,36
5,2017-01-12,21,I,445,40
5,2017-01-12,21,O,146,23
5,2017-01-12,22,I,15,2
5,2017-01-12,22,O,102,17
5,2017-01-12,23,I,0,0
5,2017-01-12,23,O,60,14
5,2017-01-11,0,I,0,0
5,2017-01-11,0,O,32,11
5,2017-01-11,1,I,0,0
5,2017-01-11,1,O,18,3
5,2017-01-11,2,I,13,4
5,2017-01-11,2,O,16,6
5,2017-01-11,3,I,12,3
5,2017-01-11,3,O,15,2
5,2017-01-11,4,I,17,2
5,2017-01-11,4,O,58,6
5,2017-01-11,5,I,88,15
5,2017-01-11,5,O,334,25
5,2017-01-11,6,I,293,41
5,2017-01-11,6,O,890,47
5,2017-01-11,7,I,391,42
5,2017-01-11,7,O,1464,60
5,2017-01-11,8,I,420,46
5,2017-01-11,8,O,993,82
5,2017-01-11,9,I,354,31
5,2017-01-11,9,O,655,48
5,2017-01-11,10,I,356,43
5,2017-01-11,10,O,502,44
5,2017-01-11,11,I,403,40
5,2017-01-11,11,O,450,27
5,2017-01-11,12,I,412,40
5,2017-01-11,12,O,411,51
5,2017-01-11,13,I,442,47
5,2017-01-11,13,O,413,53
5,2017-01-11,14,I,678,43
5,2017-01-11,14,O,500,42
5,2017-01-11,15,I,940,75
5,2017-01-11,15,O,612,64
5,2017-01-11,16,I,924,80
5,2017-01-11,16,O,521,51
5,2017-01-11,17,I,1047,81
5,2017-01-11,17,O,536,65
5,2017-01-11,18,I,995,68
5,2017-01-11,18,O,434,43
5,2017-01-11,19,I,662,49
5,2017-01-11,19,O,263,42
5,2017-01-11,20,I,422,35
5,2017-01-11,20,O,221,28
5,2017-01-11,21,I,405,29
5,2017-01-11,21,O,154,23
5,2017-01-11,22,I,5,1
5,2017-01-11,22,O,86,11
5,2017-01-11,23,I,0,0
5,2017-01-11,23,O,56,12
5,2017-01-10,0,I,0,0
5,2017-01-10,0,O,29,2
5,2017-01-10,1,I,0,0
5,2017-01-10,1,O,13,2
5,2017-01-10,2,I,0,0
5,2017-01-10,2,O,11,1
5,2017-01-10,3,I,0,0
5,2017-01-10,3,O,17,1
5,2017-01-10,4,I,0,0
5,2017-01-10,4,O,35,1
5,2017-01-10,5,I,96,18
5,2017-01-10,5,O,355,23
5,2017-01-10,6,I,284,30
5,2017-01-10,6,O,876,35
5,2017-01-10,7,I,384,45
5,2017-01-10,7,O,1130,54
5,2017-01-10,8,I,401,48
5,2017-01-10,8,O,1283,97
5,2017-01-10,9,I,326,43
5,2017-01-10,9,O,671,49
5,2017-01-10,10,I,278,32
5,2017-01-10,10,O,481,36
5,2017-01-10,11,I,292,38
5,2017-01-10,11,O,412,39
5,2017-01-10,12,I,318,35
5,2017-01-10,12,O,388,34
5,2017-01-10,13,I,363,37
5,2017-01-10,13,O,385,44
5,2017-01-10,14,I,488,41
5,2017-01-10,14,O,448,44
5,2017-01-10,15,I,780,53
5,2017-01-10,15,O,569,77
5,2017-01-10,16,I,1032,66
5,2017-01-10,16,O,538,62
5,2017-01-10,17,I,1077,68
5,2017-01-10,17,O,478,59
5,2017-01-10,18,I,980,61
5,2017-01-10,18,O,397,63
5,2017-01-10,19,I,717,49
5,2017-01-10,19,O,278,41
5,2017-01-10,20,I,440,44
5,2017-01-10,20,O,181,30
5,2017-01-10,21,I,363,25
5,2017-01-10,21,O,138,32
5,2017-01-10,22,I,0,0
5,2017-01-10,22,O,73,14
5,2017-01-10,23,I,0,0
5,2017-01-10,23,O,69,13
5,2017-01-09,0,I,64,7
5,2017-01-09,0,O,20,12
5,2017-01-09,1,I,37,4
5,2017-01-09,1,O,24,5
5,2017-01-09,2,I,13,6
5,2017-01-09,2,O,18,4
5,2017-01-09,3,I,24,5
5,2017-01-09,3,O,22,5
5,2017-01-09,4,I,25,3
5,2017-01-09,4,O,65,2
5,2017-01-09,5,I,97,16
5,2017-01-09,5,O,311,21
5,2017-01-09,6,I,238,29
5,2017-01-09,6,O,854,25
5,2017-01-09,7,I,355,43
5,2017-01-09,7,O,1525,77
5,2017-01-09,8,I,389,50
5,2017-01-09,8,O,956,71
5,2017-01-09,9,I,297,35
5,2017-01-09,9,O,672,49
5,2017-01-09,10,I,293,32
5,2017-01-09,10,O,470,39
5,2017-01-09,11,I,303,39
5,2017-01-09,11,O,422,46
5,2017-01-09,12,I,294,40
5,2017-01-09,12,O,363,37
5,2017-01-09,13,I,387,39
5,2017-01-09,13,O,383,46
5,2017-01-09,14,I,499,43
5,2017-01-09,14,O,437,48
5,2017-01-09,15,I,783,53
5,2017-01-09,15,O,540,65
5,2017-01-09,16,I,993,64
5,2017-01-09,16,O,494,67
5,2017-01-09,17,I,963,60
5,2017-01-09,17,O,477,66
5,2017-01-09,18,I,868,62
5,2017-01-09,18,O,338,52
5,2017-01-09,19,I,657,47
5,2017-01-09,19,O,258,33
5,2017-01-09,20,I,411,34
5,2017-01-09,20,O,187,32
5,2017-01-09,21,I,375,27
5,2017-01-09,21,O,130,23
5,2017-01-09,22,I,8,0
5,2017-01-09,22,O,73,18
5,2017-01-09,23,I,0,0
5,2017-01-09,23,O,42,9
5,2017-01-08,0,I,117,15
5,2017-01-08,0,O,48,9
5,2017-01-08,1,I,55,9
5,2017-01-08,1,O,40,7
5,2017-01-08,2,I,33,8
5,2017-01-08,2,O,22,8
5,2017-01-08,3,I,22,7
5,2017-01-08,3,O,16,3
5,2017-01-08,4,I,26,13
5,2017-01-08,4,O,24,7
5,2017-01-08,5,I,39,4
5,2017-01-08,5,O,54,8
5,2017-01-08,6,I,71,11
5,2017-01-08,6,O,122,16
5,2017-01-08,7,I,88,10
5,2017-01-08,7,O,196,19
5,2017-01-08,8,I,91,12
5,2017-01-08,8,O,230,24
5,2017-01-08,9,I,163,18
5,2017-01-08,9,O,247,31
5,2017-01-08,10,I,189,22
5,2017-01-08,10,O,367,23
5,2017-01-08,11,I,243,26
5,2017-01-08,11,O,407,41
5,2017-01-08,12,I,354,34
5,2017-01-08,12,O,423,36
5,2017-01-08,13,I,367,34
5,2017-01-08,13,O,455,41
5,2017-01-08,14,I,406,49
5,2017-01-08,14,O,368,37
5,2017-01-08,15,I,394,53
5,2017-01-08,15,O,355,35
5,2017-01-08,16,I,421,45
5,2017-01-08,16,O,292,42
5,2017-01-08,17,I,370,39
5,2017-01-08,17,O,220,30
5,2017-01-08,18,I,302,29
5,2017-01-08,18,O,233,42
5,2017-01-08,19,I,260,35
5,2017-01-08,19,O,224,45
5,2017-01-08,20,I,290,36
5,2017-01-08,20,O,204,40
5,2017-01-08,21,I,186,22
5,2017-01-08,21,O,122,23
5,2017-01-08,22,I,149,28
5,2017-01-08,22,O,83,22
5,2017-01-08,23,I,87,22
5,2017-01-08,23,O,70,20
5,2017-01-07,0,I,175,19
5,2017-01-07,0,O,56,16
5,2017-01-07,1,I,74,20
5,2017-01-07,1,O,42,9
5,2017-01-07,2,I,65,14
5,2017-01-07,2,O,30,6
5,2017-01-07,3,I,36,5
5,2017-01-07,3,O,23,8
5,2017-01-07,4,I,41,14
5,2017-01-07,4,O,35,7
5,2017-01-07,5,I,45,6
5,2017-01-07,5,O,119,7
5,2017-01-07,6,I,96,10
5,2017-01-07,6,O,191,20
5,2017-01-07,7,I,130,21
5,2017-01-07,7,O,336,26
5,2017-01-07,8,I,208,39
5,2017-01-07,8,O,365,33
5,2017-01-07,9,I,265,41
5,2017-01-07,9,O,445,31
5,2017-01-07,10,I,284,35
5,2017-01-07,10,O,437,42
5,2017-01-07,11,I,328,8
5,2017-01-07,11,O,395,31
5,2017-01-07,12,I,358,25
5,2017-01-07,12,O,337,42
5,2017-01-07,13,I,352,16
5,2017-01-07,13,O,317,40
5,2017-01-07,14,I,376,44
5,2017-01-07,14,O,270,46
5,2017-01-07,15,I,317,41
5,2017-01-07,15,O,284,33
5,2017-01-07,16,I,296,37
5,2017-01-07,16,O,269,34
5,2017-01-07,17,I,300,35
5,2017-01-07,17,O,241,38
5,2017-01-07,18,I,259,32
5,2017-01-07,18,O,172,25
5,2017-01-07,19,I,227,29
5,2017-01-07,19,O,188,28
5,2017-01-07,20,I,182,20
5,2017-01-07,20,O,111,22
5,2017-01-07,21,I,143,14
5,2017-01-07,21,O,92,9
5,2017-01-07,22,I,127,22
5,2017-01-07,22,O,77,18
5,2017-01-07,23,I,126,19
5,2017-01-07,23,O,84,22
5,2017-01-06,0,I,108,14
5,2017-01-06,0,O,49,9
5,2017-01-06,1,I,45,6
5,2017-01-06,1,O,22,6
5,2017-01-06,2,I,29,8
5,2017-01-06,2,O,19,5
5,2017-01-06,3,I,35,5
5,2017-01-06,3,O,29,6
5,2017-01-06,4,I,26,3
5,2017-01-06,4,O,73,7
5,2017-01-06,5,I,99,8
5,2017-01-06,5,O,298,22
5,2017-01-06,6,I,277,26
5,2017-01-06,6,O,832,46
5,2017-01-06,7,I,352,38
5,2017-01-06,7,O,1479,71
5,2017-01-06,8,I,383,45
5,2017-01-06,8,O,900,87
5,2017-01-06,9,I,307,47
5,2017-01-06,9,O,567,43
5,2017-01-06,10,I,327,42
5,2017-01-06,10,O,439,30
5,2017-01-06,11,I,286,40
5,2017-01-06,11,O,439,47
5,2017-01-06,12,I,380,36
5,2017-01-06,12,O,494,63
5,2017-01-06,13,I,506,49
5,2017-01-06,13,O,517,56
5,2017-01-06,14,I,810,65
5,2017-01-06,14,O,565,63
5,2017-01-06,15,I,1155,85
5,2017-01-06,15,O,591,80
5,2017-01-06,16,I,850,71
5,2017-01-06,16,O,511,79
5,2017-01-06,17,I,805,63
5,2017-01-06,17,O,450,75
5,2017-01-06,18,I,701,51
5,2017-01-06,18,O,438,54
5,2017-01-06,19,I,505,44
5,2017-01-06,19,O,350,48
5,2017-01-06,20,I,440,46
5,2017-01-06,20,O,222,40
5,2017-01-06,21,I,345,44
5,2017-01-06,21,O,175,31
5,2017-01-06,22,I,274,31
5,2017-01-06,22,O,153,43
5,2017-01-06,23,I,239,24
5,2017-01-06,23,O,126,25
5,2017-01-05,0,I,120,12
5,2017-01-05,0,O,44,13
5,2017-01-05,1,I,51,8
5,2017-01-05,1,O,28,6
5,2017-01-05,2,I,37,2
5,2017-01-05,2,O,21,5
5,2017-01-05,3,I,25,4
5,2017-01-05,3,O,28,6
5,2017-01-05,4,I,24,4
5,2017-01-05,4,O,67,5
5,2017-01-05,5,I,92,10
5,2017-01-05,5,O,321,21
5,2017-01-05,6,I,300,33
5,2017-01-05,6,O,919,47
5,2017-01-05,7,I,381,56
5,2017-01-05,7,O,1624,79
5,2017-01-05,8,I,404,50
5,2017-01-05,8,O,960,64
5,2017-01-05,9,I,351,48
5,2017-01-05,9,O,619,56
5,2017-01-05,10,I,273,32
5,2017-01-05,10,O,507,65
5,2017-01-05,11,I,287,34
5,2017-01-05,11,O,504,47
5,2017-01-05,12,I,379,40
5,2017-01-05,12,O,431,48
5,2017-01-05,13,I,410,36
5,2017-01-05,13,O,508,43
5,2017-01-05,14,I,590,51
5,2017-01-05,14,O,581,52
5,2017-01-05,15,I,904,69
5,2017-01-05,15,O,632,88
5,2017-01-05,16,I,933,77
5,2017-01-05,16,O,570,72
5,2017-01-05,17,I,1066,86
5,2017-01-05,17,O,504,75
5,2017-01-05,18,I,1051,61
5,2017-01-05,18,O,458,50
5,2017-01-05,19,I,656,50
5,2017-01-05,19,O,295,41
5,2017-01-05,20,I,495,37
5,2017-01-05,20,O,193,24
5,2017-01-05,21,I,336,37
5,2017-01-05,21,O,137,26
5,2017-01-05,22,I,263,22
5,2017-01-05,22,O,117,22
5,2017-01-05,23,I,161,20
5,2017-01-05,23,O,93,17
5,2017-01-04,0,I,114,16
5,2017-01-04,0,O,40,7
5,2017-01-04,1,I,52,4
5,2017-01-04,1,O,21,4
5,2017-01-04,2,I,40,3
5,2017-01-04,2,O,20,3
5,2017-01-04,3,I,22,4
5,2017-01-04,3,O,17,1
5,2017-01-04,4,I,31,4
5,2017-01-04,4,O,67,4
5,2017-01-04,5,I,93,10
5,2017-01-04,5,O,337,21
5,2017-01-04,6,I,293,47
5,2017-01-04,6,O,919,42
5,2017-01-04,7,I,379,54
5,2017-01-04,7,O,1477,92
5,2017-01-04,8,I,366,54
5,2017-01-04,8,O,994,63
5,2017-01-04,9,I,401,49
5,2017-01-04,9,O,643,51
5,2017-01-04,10,I,328,34
5,2017-01-04,10,O,513,42
5,2017-01-04,11,I,298,51
5,2017-01-04,11,O,452,34
5,2017-01-04,12,I,315,45
5,2017-01-04,12,O,442,46
5,2017-01-04,13,I,404,43
5,2017-01-04,13,O,473,49
5,2017-01-04,14,I,679,49
5,2017-01-04,14,O,477,52
5,2017-01-04,15,I,938,73
5,2017-01-04,15,O,558,69
5,2017-01-04,16,I,1059,85
5,2017-01-04,16,O,530,69
5,2017-01-04,17,I,1124,84
5,2017-01-04,17,O,564,73
5,2017-01-04,18,I,864,63
5,2017-01-04,18,O,439,70
5,2017-01-04,19,I,687,75
5,2017-01-04,19,O,324,46
5,2017-01-04,20,I,572,38
5,2017-01-04,20,O,188,28
5,2017-01-04,21,I,323,36
5,2017-01-04,21,O,137,25
5,2017-01-04,22,I,231,24
5,2017-01-04,22,O,125,30
5,2017-01-04,23,I,135,15
5,2017-01-04,23,O,86,21
5,2017-01-03,0,I,84,14
5,2017-01-03,0,O,39,14
5,2017-01-03,1,I,44,8
5,2017-01-03,1,O,17,8
5,2017-01-03,2,I,24,7
5,2017-01-03,2,O,20,5
5,2017-01-03,3,I,17,5
5,2017-01-03,3,O,17,4
5,2017-01-03,4,I,23,4
5,2017-01-03,4,O,68,8
5,2017-01-03,5,I,76,17
5,2017-01-03,5,O,331,17
5,2017-01-03,6,I,275,34
5,2017-01-03,6,O,892,31
5,2017-01-03,7,I,370,49
5,2017-01-03,7,O,1470,90
5,2017-01-03,8,I,364,51
5,2017-01-03,8,O,928,75
5,2017-01-03,9,I,345,52
5,2017-01-03,9,O,664,48
5,2017-01-03,10,I,288,34
5,2017-01-03,10,O,465,34
5,2017-01-03,11,I,298,40
5,2017-01-03,11,O,401,51
5,2017-01-03,12,I,319,29
5,2017-01-03,12,O,396,42
5,2017-01-03,13,I,379,37
5,2017-01-03,13,O,424,44
5,2017-01-03,14,I,501,44
5,2017-01-03,14,O,485,63
5,2017-01-03,15,I,800,55
5,2017-01-03,15,O,541,88
5,2017-01-03,16,I,1086,85
5,2017-01-03,16,O,507,63
5,2017-01-03,17,I,1075,81
5,2017-01-03,17,O,473,51
5,2017-01-03,18,I,951,63
5,2017-01-03,18,O,354,47
5,2017-01-03,19,I,599,47
5,2017-01-03,19,O,294,42
5,2017-01-03,20,I,431,40
5,2017-01-03,20,O,167,29
5,2017-01-03,21,I,291,35
5,2017-01-03,21,O,137,35
5,2017-01-03,22,I,262,26
5,2017-01-03,22,O,107,28
5,2017-01-03,23,I,132,16
5,2017-01-03,23,O,78,16
5,2017-01-02,0,I,122,16
5,2017-01-02,0,O,72,17
5,2017-01-02,1,I,65,21
5,2017-01-02,1,O,34,15
5,2017-01-02,2,I,35,11
5,2017-01-02,2,O,29,8
5,2017-01-02,3,I,18,8
5,2017-01-02,3,O,14,8
5,2017-01-02,4,I,24,12
5,2017-01-02,4,O,34,4
5,2017-01-02,5,I,38,4
5,2017-01-02,5,O,95,14
5,2017-01-02,6,I,88,19
5,2017-01-02,6,O,196,14
5,2017-01-02,7,I,145,23
5,2017-01-02,7,O,258,36
5,2017-01-02,8,I,161,23
5,2017-01-02,8,O,311,35
5,2017-01-02,9,I,198,16
5,2017-01-02,9,O,337,29
5,2017-01-02,10,I,254,19
5,2017-01-02,10,O,421,30
5,2017-01-02,11,I,275,45
5,2017-01-02,11,O,476,47
5,2017-01-02,12,I,321,43
5,2017-01-02,12,O,529,52
5,2017-01-02,13,I,385,35
5,2017-01-02,13,O,489,64
5,2017-01-02,14,I,436,37
5,2017-01-02,14,O,440,51
5,2017-01-02,15,I,508,53
5,2017-01-02,15,O,447,53
5,2017-01-02,16,I,521,57
5,2017-01-02,16,O,424,59
5,2017-01-02,17,I,515,61
5,2017-01-02,17,O,376,68
5,2017-01-02,18,I,421,44
5,2017-01-02,18,O,321,38
5,2017-01-02,19,I,348,26
5,2017-01-02,19,O,221,30
5,2017-01-02,20,I,304,29
5,2017-01-02,20,O,159,37
5,2017-01-02,21,I,229,28
5,2017-01-02,21,O,127,27
5,2017-01-02,22,I,210,27
5,2017-01-02,22,O,100,21
5,2017-01-02,23,I,101,13
5,2017-01-02,23,O,99,17
5,2017-01-01,0,I,162,23
5,2017-01-01,0,O,170,38
5,2017-01-01,1,I,278,27
5,2017-01-01,1,O,178,44
5,2017-01-01,2,I,192,33
5,2017-01-01,2,O,99,29
5,2017-01-01,3,I,151,26
5,2017-01-01,3,O,54,25
5,2017-01-01,4,I,86,25
5,2017-01-01,4,O,44,18
5,2017-01-01,5,I,67,19
5,2017-01-01,5,O,62,14
5,2017-01-01,6,I,86,17
5,2017-01-01,6,O,101,10
5,2017-01-01,7,I,84,18
5,2017-01-01,7,O,112,17
5,2017-01-01,8,I,87,10
5,2017-01-01,8,O,129,22
5,2017-01-01,9,I,110,15
5,2017-01-01,9,O,180,22
5,2017-01-01,10,I,187,27
5,2017-01-01,10,O,278,32
5,2017-01-01,11,I,328,31
5,2017-01-01,11,O,334,38
5,2017-01-01,12,I,376,46
5,2017-01-01,12,O,427,44
5,2017-01-01,13,I,451,60
5,2017-01-01,13,O,463,57
5,2017-01-01,14,I,487,65
5,2017-01-01,14,O,483,58
5,2017-01-01,15,I,571,75
5,2017-01-01,15,O,495,73
5,2017-01-01,16,I,459,68
5,2017-01-01,16,O,476,77
5,2017-01-01,17,I,339,43
5,2017-01-01,17,O,367,73
5,2017-01-01,18,I,370,50
5,2017-01-01,18,O,347,55
5,2017-01-01,19,I,366,45
5,2017-01-01,19,O,283,52
5,2017-01-01,20,I,328,50
5,2017-01-01,20,O,258,39
5,2017-01-01,21,I,251,36
5,2017-01-01,21,O,209,48
5,2017-01-01,22,I,211,35
5,2017-01-01,22,O,163,33
5,2017-01-01,23,I,164,24
5,2017-01-01,23,O,122,30
5,2016-12-31,0,I,184,32
5,2016-12-31,0,O,80,25
5,2016-12-31,1,I,93,26
5,2016-12-31,1,O,62,16
5,2016-12-31,2,I,69,20
5,2016-12-31,2,O,28,11
5,2016-12-31,3,I,57,14
5,2016-12-31,3,O,28,15
5,2016-12-31,4,I,34,10
5,2016-12-31,4,O,38,5
5,2016-12-31,5,I,39,14
5,2016-12-31,5,O,76,10
5,2016-12-31,6,I,95,17
5,2016-12-31,6,O,172,14
5,2016-12-31,7,I,117,22
5,2016-12-31,7,O,232,23
5,2016-12-31,8,I,142,26
5,2016-12-31,8,O,264,29
5,2016-12-31,9,I,205,26
5,2016-12-31,9,O,331,28
5,2016-12-31,10,I,256,37
5,2016-12-31,10,O,399,43
5,2016-12-31,11,I,277,31
5,2016-12-31,11,O,482,51
5,2016-12-31,12,I,402,46
5,2016-12-31,12,O,446,48
5,2016-12-31,13,I,408,55
5,2016-12-31,13,O,397,62
5,2016-12-31,14,I,464,52
5,2016-12-31,14,O,432,48
5,2016-12-31,15,I,493,71
5,2016-12-31,15,O,424,67
5,2016-12-31,16,I,469,64
5,2016-12-31,16,O,371,60
5,2016-12-31,17,I,404,65
5,2016-12-31,17,O,359,54
5,2016-12-31,18,I,425,69
5,2016-12-31,18,O,358,61
5,2016-12-31,19,I,393,63
5,2016-12-31,19,O,409,48
5,2016-12-31,20,I,323,61
5,2016-12-31,20,O,327,45
5,2016-12-31,21,I,236,47
5,2016-12-31,21,O,234,54
5,2016-12-31,22,I,180,46
5,2016-12-31,22,O,177,40
5,2016-12-31,23,I,126,30
5,2016-12-31,23,O,143,37
